This is XeTeX, Version 3.141592653-2.6-0.999998 (TeX Live 2026) (preloaded format=xelatex 2026.5.26)  26 MAY 2026 19:46
entering extended mode
 restricted \write18 enabled.
 %&-line parsing enabled.
**UWRTSL-sodium-policy.tex
(./UWRTSL-sodium-policy.tex
LaTeX2e <2025-11-01>
L3 programming layer <2026-05-15>
(c:/Users/wrgar/AppData/Roaming/TinyTeX/texmf-dist/tex/latex/beamer/beamer.cls
Document Class: beamer 2026/01/22 v3.77 A class for typesetting presentations
(c:/Users/wrgar/AppData/Roaming/TinyTeX/texmf-dist/tex/latex/beamer/beamerbasemodes.sty (c:/Users/wrgar/AppData/Roaming/TinyTeX/texmf-dist/tex/latex/etoolbox/etoolbox.sty
Package: etoolbox 2025/10/02 v2.5m e-TeX tools for LaTeX (JAW)
\etb@tempcnta=\count272
)
\beamer@tempbox=\box53
\beamer@tempcount=\count273
\c@beamerpauses=\count274
(c:/Users/wrgar/AppData/Roaming/TinyTeX/texmf-dist/tex/latex/beamer/beamerbasedecode.sty
\beamer@slideinframe=\count275
\beamer@minimum=\count276
\beamer@decode@box=\box54
)
\beamer@commentbox=\box55
\beamer@modecount=\count277
) (c:/Users/wrgar/AppData/Roaming/TinyTeX/texmf-dist/tex/generic/iftex/iftex.sty
Package: iftex 2024/12/12 v1.0g TeX engine tests
)
\headdp=\dimen150
\footheight=\dimen151
\sidebarheight=\dimen152
\beamer@tempdim=\dimen153
\beamer@finalheight=\dimen154
\beamer@animht=\dimen155
\beamer@animdp=\dimen156
\beamer@animwd=\dimen157
\beamer@leftmargin=\dimen158
\beamer@rightmargin=\dimen159
\beamer@leftsidebar=\dimen160
\beamer@rightsidebar=\dimen161
\beamer@boxsize=\dimen162
\beamer@vboxoffset=\dimen163
\beamer@descdefault=\dimen164
\beamer@descriptionwidth=\dimen165
\beamer@lastskip=\skip49
\beamer@areabox=\box56
\beamer@animcurrent=\box57
\beamer@animshowbox=\box58
\beamer@sectionbox=\box59
\beamer@logobox=\box60
\beamer@linebox=\box61
\beamer@sectioncount=\count278
\beamer@subsubsectionmax=\count279
\beamer@subsectionmax=\count280
\beamer@sectionmax=\count281
\beamer@totalheads=\count282
\beamer@headcounter=\count283
\beamer@partstartpage=\count284
\beamer@sectionstartpage=\count285
\beamer@subsectionstartpage=\count286
\beamer@animationtempa=\count287
\beamer@animationtempb=\count288
\beamer@xpos=\count289
\beamer@ypos=\count290
\beamer@ypos@offset=\count291
\beamer@showpartnumber=\count292
\beamer@currentsubsection=\count293
\beamer@coveringdepth=\count294
\beamer@sectionadjust=\count295
\beamer@toclastsection=\count296
\beamer@tocsectionnumber=\count297
(c:/Users/wrgar/AppData/Roaming/TinyTeX/texmf-dist/tex/latex/beamer/beamerbaseoptions.sty (c:/Users/wrgar/AppData/Roaming/TinyTeX/texmf-dist/tex/latex/graphics/keyval.sty
Package: keyval 2022/05/29 v1.15 key=value parser (DPC)
\KV@toks@=\toks17
))
\beamer@paperwidth=\skip50
\beamer@paperheight=\skip51
(c:/Users/wrgar/AppData/Roaming/TinyTeX/texmf-dist/tex/latex/geometry/geometry.sty
Package: geometry 2026/03/07 v6.0 Page Geometry
(c:/Users/wrgar/AppData/Roaming/TinyTeX/texmf-dist/tex/generic/iftex/ifvtex.sty
Package: ifvtex 2019/10/25 v1.7 ifvtex legacy package. Use iftex instead.
)
\Gm@cnth=\count298
\Gm@cntv=\count299
\c@Gm@tempcnt=\count300
\Gm@bindingoffset=\dimen166
\Gm@wd@mp=\dimen167
\Gm@odd@mp=\dimen168
\Gm@even@mp=\dimen169
\Gm@layoutwidth=\dimen170
\Gm@layoutheight=\dimen171
\Gm@layouthoffset=\dimen172
\Gm@layoutvoffset=\dimen173
\Gm@dimlist=\toks18
) (c:/Users/wrgar/AppData/Roaming/TinyTeX/texmf-dist/tex/latex/pgf/math/pgfmath.sty (c:/Users/wrgar/AppData/Roaming/TinyTeX/texmf-dist/tex/latex/pgf/utilities/pgfrcs.sty (c:/Users/wrgar/AppData/Roaming/TinyTeX/texmf-dist/tex/generic/pgf/utilities/pgfutil-common.tex
\pgfutil@everybye=\toks19
\pgfutil@tempdima=\dimen174
\pgfutil@tempdimb=\dimen175
) (c:/Users/wrgar/AppData/Roaming/TinyTeX/texmf-dist/tex/generic/pgf/utilities/pgfutil-latex.def
\pgfutil@abb=\box62
) (c:/Users/wrgar/AppData/Roaming/TinyTeX/texmf-dist/tex/generic/pgf/utilities/pgfrcs.code.tex (c:/Users/wrgar/AppData/Roaming/TinyTeX/texmf-dist/tex/generic/pgf/pgf.revision.tex)
Package: pgfrcs 2025-08-29 v3.1.11a (3.1.11a)
)) (c:/Users/wrgar/AppData/Roaming/TinyTeX/texmf-dist/tex/latex/pgf/utilities/pgfkeys.sty (c:/Users/wrgar/AppData/Roaming/TinyTeX/texmf-dist/tex/generic/pgf/utilities/pgfkeys.code.tex
\pgfkeys@pathtoks=\toks20
\pgfkeys@temptoks=\toks21
(c:/Users/wrgar/AppData/Roaming/TinyTeX/texmf-dist/tex/generic/pgf/utilities/pgfkeyslibraryfiltered.code.tex
\pgfkeys@tmptoks=\toks22
))) (c:/Users/wrgar/AppData/Roaming/TinyTeX/texmf-dist/tex/generic/pgf/math/pgfmath.code.tex (c:/Users/wrgar/AppData/Roaming/TinyTeX/texmf-dist/tex/generic/pgf/math/pgfmathutil.code.tex
\pgf@x=\dimen176
\pgf@xa=\dimen177
\pgf@xb=\dimen178
\pgf@xc=\dimen179
\pgf@y=\dimen180
\pgf@ya=\dimen181
\pgf@yb=\dimen182
\pgf@yc=\dimen183
\c@pgf@counta=\count301
\c@pgf@countb=\count302
\c@pgf@countc=\count303
\c@pgf@countd=\count304
) (c:/Users/wrgar/AppData/Roaming/TinyTeX/texmf-dist/tex/generic/pgf/math/pgfmathparser.code.tex
\pgfmath@dimen=\dimen184
\pgfmath@count=\count305
\pgfmath@box=\box63
\pgfmath@toks=\toks23
\pgfmath@stack@operand=\toks24
\pgfmath@stack@operation=\toks25
) (c:/Users/wrgar/AppData/Roaming/TinyTeX/texmf-dist/tex/generic/pgf/math/pgfmathfunctions.code.tex) (c:/Users/wrgar/AppData/Roaming/TinyTeX/texmf-dist/tex/generic/pgf/math/pgfmathfunctions.basic.code.tex) (c:/Users/wrgar/AppData/Roaming/TinyTeX/texmf-dist/tex/generic/pgf/math/pgfmathfunctions.trigonometric.code.tex) (c:/Users/wrgar/AppData/Roaming/TinyTeX/texmf-dist/tex/generic/pgf/math/pgfmathfunctions.random.code.tex) (c:/Users/wrgar/AppData/Roaming/TinyTeX/texmf-dist/tex/generic/pgf/math/pgfmathfunctions.comparison.code.tex) (c:/Users/wrgar/AppData/Roaming/TinyTeX/texmf-dist/tex/generic/pgf/math/pgfmathfunctions.base.code.tex) (c:/Users/wrgar/AppData/Roaming/TinyTeX/texmf-dist/tex/generic/pgf/math/pgfmathfunctions.round.code.tex) (c:/Users/wrgar/AppData/Roaming/TinyTeX/texmf-dist/tex/generic/pgf/math/pgfmathfunctions.misc.code.tex) (c:/Users/wrgar/AppData/Roaming/TinyTeX/texmf-dist/tex/generic/pgf/math/pgfmathfunctions.integerarithmetics.code.tex) (c:/Users/wrgar/AppData/Roaming/TinyTeX/texmf-dist/tex/generic/pgf/math/pgfmathcalc.code.tex) (c:/Users/wrgar/AppData/Roaming/TinyTeX/texmf-dist/tex/generic/pgf/math/pgfmathfloat.code.tex
\c@pgfmathroundto@lastzeros=\count306
))) (c:/Users/wrgar/AppData/Roaming/TinyTeX/texmf-dist/tex/latex/base/size11.clo
File: size11.clo 2025/01/22 v1.4n Standard LaTeX file (size option)
) (c:/Users/wrgar/AppData/Roaming/TinyTeX/texmf-dist/tex/latex/pgf/basiclayer/pgfcore.sty (c:/Users/wrgar/AppData/Roaming/TinyTeX/texmf-dist/tex/latex/graphics/graphicx.sty
Package: graphicx 2024/12/31 v1.2e Enhanced LaTeX Graphics (DPC,SPQR)
(c:/Users/wrgar/AppData/Roaming/TinyTeX/texmf-dist/tex/latex/graphics/graphics.sty
Package: graphics 2024/08/06 v1.4g Standard LaTeX Graphics (DPC,SPQR)
(c:/Users/wrgar/AppData/Roaming/TinyTeX/texmf-dist/tex/latex/graphics/trig.sty
Package: trig 2023/12/02 v1.11 sin cos tan (DPC)
) (c:/Users/wrgar/AppData/Roaming/TinyTeX/texmf-dist/tex/latex/graphics-cfg/graphics.cfg
File: graphics.cfg 2016/06/04 v1.11 sample graphics configuration
)
Package graphics Info: Driver file: xetex.def on input line 106.
(c:/Users/wrgar/AppData/Roaming/TinyTeX/texmf-dist/tex/latex/graphics-def/xetex.def
File: xetex.def 2025/11/01 v5.0p Graphics/color driver for xetex
))
\Gin@req@height=\dimen185
\Gin@req@width=\dimen186
) (c:/Users/wrgar/AppData/Roaming/TinyTeX/texmf-dist/tex/latex/pgf/systemlayer/pgfsys.sty (c:/Users/wrgar/AppData/Roaming/TinyTeX/texmf-dist/tex/generic/pgf/systemlayer/pgfsys.code.tex
Package: pgfsys 2025-08-29 v3.1.11a (3.1.11a)
\pgf@x=\dimen187
\pgf@y=\dimen188
\pgf@xa=\dimen189
\pgf@ya=\dimen190
\pgf@xb=\dimen191
\pgf@yb=\dimen192
\pgf@xc=\dimen193
\pgf@yc=\dimen194
\pgf@xd=\dimen195
\pgf@yd=\dimen196
\w@pgf@writea=\write3
\r@pgf@reada=\read2
\c@pgf@counta=\count307
\c@pgf@countb=\count308
\c@pgf@countc=\count309
\c@pgf@countd=\count310
\t@pgf@toka=\toks26
\t@pgf@tokb=\toks27
\t@pgf@tokc=\toks28
\pgf@sys@id@count=\count311
(c:/Users/wrgar/AppData/Roaming/TinyTeX/texmf-dist/tex/generic/pgf/systemlayer/pgf.cfg
File: pgf.cfg 2025-08-29 v3.1.11a (3.1.11a)
)
Driver file for pgf: pgfsys-xetex.def
(c:/Users/wrgar/AppData/Roaming/TinyTeX/texmf-dist/tex/generic/pgf/systemlayer/pgfsys-xetex.def
File: pgfsys-xetex.def 2025-08-29 v3.1.11a (3.1.11a)
(c:/Users/wrgar/AppData/Roaming/TinyTeX/texmf-dist/tex/generic/pgf/systemlayer/pgfsys-dvipdfmx.def
File: pgfsys-dvipdfmx.def 2025-08-29 v3.1.11a (3.1.11a)
(c:/Users/wrgar/AppData/Roaming/TinyTeX/texmf-dist/tex/generic/pgf/systemlayer/pgfsys-common-pdf.def
File: pgfsys-common-pdf.def 2025-08-29 v3.1.11a (3.1.11a)
)
\pgfsys@objnum=\count312
))) (c:/Users/wrgar/AppData/Roaming/TinyTeX/texmf-dist/tex/generic/pgf/systemlayer/pgfsyssoftpath.code.tex
File: pgfsyssoftpath.code.tex 2025-08-29 v3.1.11a (3.1.11a)
\pgfsyssoftpath@smallbuffer@items=\count313
\pgfsyssoftpath@bigbuffer@items=\count314
) (c:/Users/wrgar/AppData/Roaming/TinyTeX/texmf-dist/tex/generic/pgf/systemlayer/pgfsysprotocol.code.tex
File: pgfsysprotocol.code.tex 2025-08-29 v3.1.11a (3.1.11a)
)) (c:/Users/wrgar/AppData/Roaming/TinyTeX/texmf-dist/tex/latex/xcolor/xcolor.sty
Package: xcolor 2024/09/29 v3.02 LaTeX color extensions (UK)
(c:/Users/wrgar/AppData/Roaming/TinyTeX/texmf-dist/tex/latex/graphics-cfg/color.cfg
File: color.cfg 2016/01/02 v1.6 sample color configuration
)
Package xcolor Info: Driver file: xetex.def on input line 274.
(c:/Users/wrgar/AppData/Roaming/TinyTeX/texmf-dist/tex/latex/graphics/mathcolor.ltx)
Package xcolor Info: Model `cmy' substituted by `cmy0' on input line 1349.
Package xcolor Info: Model `RGB' extended on input line 1365.
Package xcolor Info: Model `HTML' substituted by `rgb' on input line 1367.
Package xcolor Info: Model `Hsb' substituted by `hsb' on input line 1368.
Package xcolor Info: Model `tHsb' substituted by `hsb' on input line 1369.
Package xcolor Info: Model `HSB' substituted by `hsb' on input line 1370.
Package xcolor Info: Model `Gray' substituted by `gray' on input line 1371.
Package xcolor Info: Model `wave' substituted by `hsb' on input line 1372.
) (c:/Users/wrgar/AppData/Roaming/TinyTeX/texmf-dist/tex/generic/pgf/basiclayer/pgfcore.code.tex
Package: pgfcore 2025-08-29 v3.1.11a (3.1.11a)
(c:/Users/wrgar/AppData/Roaming/TinyTeX/texmf-dist/tex/generic/pgf/math/pgfint.code.tex) (c:/Users/wrgar/AppData/Roaming/TinyTeX/texmf-dist/tex/generic/pgf/basiclayer/pgfcorepoints.code.tex
File: pgfcorepoints.code.tex 2025-08-29 v3.1.11a (3.1.11a)
\pgf@picminx=\dimen197
\pgf@picmaxx=\dimen198
\pgf@picminy=\dimen199
\pgf@picmaxy=\dimen256
\pgf@pathminx=\dimen257
\pgf@pathmaxx=\dimen258
\pgf@pathminy=\dimen259
\pgf@pathmaxy=\dimen260
\pgf@xx=\dimen261
\pgf@xy=\dimen262
\pgf@yx=\dimen263
\pgf@yy=\dimen264
\pgf@zx=\dimen265
\pgf@zy=\dimen266
) (c:/Users/wrgar/AppData/Roaming/TinyTeX/texmf-dist/tex/generic/pgf/basiclayer/pgfcorepathconstruct.code.tex
File: pgfcorepathconstruct.code.tex 2025-08-29 v3.1.11a (3.1.11a)
\pgf@path@lastx=\dimen267
\pgf@path@lasty=\dimen268
) (c:/Users/wrgar/AppData/Roaming/TinyTeX/texmf-dist/tex/generic/pgf/basiclayer/pgfcorepathusage.code.tex
File: pgfcorepathusage.code.tex 2025-08-29 v3.1.11a (3.1.11a)
\pgf@shorten@end@additional=\dimen269
\pgf@shorten@start@additional=\dimen270
) (c:/Users/wrgar/AppData/Roaming/TinyTeX/texmf-dist/tex/generic/pgf/basiclayer/pgfcorescopes.code.tex
File: pgfcorescopes.code.tex 2025-08-29 v3.1.11a (3.1.11a)
\pgfpic=\box64
\pgf@hbox=\box65
\pgf@layerbox@main=\box66
\pgf@picture@serial@count=\count315
) (c:/Users/wrgar/AppData/Roaming/TinyTeX/texmf-dist/tex/generic/pgf/basiclayer/pgfcoregraphicstate.code.tex
File: pgfcoregraphicstate.code.tex 2025-08-29 v3.1.11a (3.1.11a)
\pgflinewidth=\dimen271
) (c:/Users/wrgar/AppData/Roaming/TinyTeX/texmf-dist/tex/generic/pgf/basiclayer/pgfcoretransformations.code.tex
File: pgfcoretransformations.code.tex 2025-08-29 v3.1.11a (3.1.11a)
\pgf@pt@x=\dimen272
\pgf@pt@y=\dimen273
\pgf@pt@temp=\dimen274
) (c:/Users/wrgar/AppData/Roaming/TinyTeX/texmf-dist/tex/generic/pgf/basiclayer/pgfcorequick.code.tex
File: pgfcorequick.code.tex 2025-08-29 v3.1.11a (3.1.11a)
) (c:/Users/wrgar/AppData/Roaming/TinyTeX/texmf-dist/tex/generic/pgf/basiclayer/pgfcoreobjects.code.tex
File: pgfcoreobjects.code.tex 2025-08-29 v3.1.11a (3.1.11a)
) (c:/Users/wrgar/AppData/Roaming/TinyTeX/texmf-dist/tex/generic/pgf/basiclayer/pgfcorepathprocessing.code.tex
File: pgfcorepathprocessing.code.tex 2025-08-29 v3.1.11a (3.1.11a)
) (c:/Users/wrgar/AppData/Roaming/TinyTeX/texmf-dist/tex/generic/pgf/basiclayer/pgfcorearrows.code.tex
File: pgfcorearrows.code.tex 2025-08-29 v3.1.11a (3.1.11a)
\pgfarrowsep=\dimen275
) (c:/Users/wrgar/AppData/Roaming/TinyTeX/texmf-dist/tex/generic/pgf/basiclayer/pgfcoreshade.code.tex
File: pgfcoreshade.code.tex 2025-08-29 v3.1.11a (3.1.11a)
\pgf@max=\dimen276
\pgf@sys@shading@range@num=\count316
\pgf@shadingcount=\count317
) (c:/Users/wrgar/AppData/Roaming/TinyTeX/texmf-dist/tex/generic/pgf/basiclayer/pgfcoreimage.code.tex
File: pgfcoreimage.code.tex 2025-08-29 v3.1.11a (3.1.11a)
) (c:/Users/wrgar/AppData/Roaming/TinyTeX/texmf-dist/tex/generic/pgf/basiclayer/pgfcoreexternal.code.tex
File: pgfcoreexternal.code.tex 2025-08-29 v3.1.11a (3.1.11a)
\pgfexternal@startupbox=\box67
) (c:/Users/wrgar/AppData/Roaming/TinyTeX/texmf-dist/tex/generic/pgf/basiclayer/pgfcorelayers.code.tex
File: pgfcorelayers.code.tex 2025-08-29 v3.1.11a (3.1.11a)
) (c:/Users/wrgar/AppData/Roaming/TinyTeX/texmf-dist/tex/generic/pgf/basiclayer/pgfcoretransparency.code.tex
File: pgfcoretransparency.code.tex 2025-08-29 v3.1.11a (3.1.11a)
) (c:/Users/wrgar/AppData/Roaming/TinyTeX/texmf-dist/tex/generic/pgf/basiclayer/pgfcorepatterns.code.tex
File: pgfcorepatterns.code.tex 2025-08-29 v3.1.11a (3.1.11a)
) (c:/Users/wrgar/AppData/Roaming/TinyTeX/texmf-dist/tex/generic/pgf/basiclayer/pgfcorerdf.code.tex
File: pgfcorerdf.code.tex 2025-08-29 v3.1.11a (3.1.11a)
))) (c:/Users/wrgar/AppData/Roaming/TinyTeX/texmf-dist/tex/latex/pgf/utilities/xxcolor.sty
Package: xxcolor 2003/10/24 ver 0.1
\XC@nummixins=\count318
\XC@countmixins=\count319
) (c:/Users/wrgar/AppData/Roaming/TinyTeX/texmf-dist/tex/latex/base/atbegshi-ltx.sty
Package: atbegshi-ltx 2021/01/10 v1.0c Emulation of the original atbegshi
package with kernel methods
) (c:/Users/wrgar/AppData/Roaming/TinyTeX/texmf-dist/tex/latex/hyperref/hyperref.sty
Package: hyperref 2026-04-24 v7.01q Hypertext links for LaTeX
(c:/Users/wrgar/AppData/Roaming/TinyTeX/texmf-dist/tex/latex/kvsetkeys/kvsetkeys.sty
Package: kvsetkeys 2022-10-05 v1.19 Key value parser (HO)
) (c:/Users/wrgar/AppData/Roaming/TinyTeX/texmf-dist/tex/generic/kvdefinekeys/kvdefinekeys.sty
Package: kvdefinekeys 2019-12-19 v1.6 Define keys (HO)
) (c:/Users/wrgar/AppData/Roaming/TinyTeX/texmf-dist/tex/generic/pdfescape/pdfescape.sty
Package: pdfescape 2019/12/09 v1.15 Implements pdfTeX's escape features (HO)
(c:/Users/wrgar/AppData/Roaming/TinyTeX/texmf-dist/tex/generic/ltxcmds/ltxcmds.sty
Package: ltxcmds 2023-12-04 v1.26 LaTeX kernel commands for general use (HO)
) (c:/Users/wrgar/AppData/Roaming/TinyTeX/texmf-dist/tex/generic/pdftexcmds/pdftexcmds.sty
Package: pdftexcmds 2020-06-27 v0.33 Utility functions of pdfTeX for LuaTeX (HO)
(c:/Users/wrgar/AppData/Roaming/TinyTeX/texmf-dist/tex/generic/infwarerr/infwarerr.sty
Package: infwarerr 2019/12/03 v1.5 Providing info/warning/error messages (HO)
)
Package pdftexcmds Info: \pdf@primitive is available.
Package pdftexcmds Info: \pdf@ifprimitive is available.
Package pdftexcmds Info: \pdfdraftmode not found.
)) (c:/Users/wrgar/AppData/Roaming/TinyTeX/texmf-dist/tex/latex/hycolor/hycolor.sty
Package: hycolor 2020-01-27 v1.10 Color options for hyperref/bookmark (HO)
) (c:/Users/wrgar/AppData/Roaming/TinyTeX/texmf-dist/tex/latex/hyperref/nameref.sty
Package: nameref 2026-01-29 v2.58 Cross-referencing by name of section
(c:/Users/wrgar/AppData/Roaming/TinyTeX/texmf-dist/tex/latex/refcount/refcount.sty
Package: refcount 2019/12/15 v3.6 Data extraction from label references (HO)
) (c:/Users/wrgar/AppData/Roaming/TinyTeX/texmf-dist/tex/generic/gettitlestring/gettitlestring.sty
Package: gettitlestring 2019/12/15 v1.6 Cleanup title references (HO)
(c:/Users/wrgar/AppData/Roaming/TinyTeX/texmf-dist/tex/latex/kvoptions/kvoptions.sty
Package: kvoptions 2022-06-15 v3.15 Key value format for package options (HO)
))
\c@section@level=\count320
) (c:/Users/wrgar/AppData/Roaming/TinyTeX/texmf-dist/tex/generic/stringenc/stringenc.sty
Package: stringenc 2019/11/29 v1.12 Convert strings between diff. encodings (HO)
)
\@linkdim=\dimen277
\Hy@linkcounter=\count321
\Hy@pagecounter=\count322
(c:/Users/wrgar/AppData/Roaming/TinyTeX/texmf-dist/tex/latex/hyperref/pd1enc.def
File: pd1enc.def 2026-04-24 v7.01q Hyperref: PDFDocEncoding definition (HO)
) (c:/Users/wrgar/AppData/Roaming/TinyTeX/texmf-dist/tex/generic/intcalc/intcalc.sty
Package: intcalc 2019/12/15 v1.3 Expandable calculations with integers (HO)
)
\Hy@SavedSpaceFactor=\count323
(c:/Users/wrgar/AppData/Roaming/TinyTeX/texmf-dist/tex/latex/hyperref/puenc.def
File: puenc.def 2026-04-24 v7.01q Hyperref: PDF Unicode definition (HO)
)
Package hyperref Info: Option `unicode' set `true' on input line 4070.
Package hyperref Info: Option `bookmarks' set `true' on input line 4070.
Package hyperref Info: Option `bookmarksopen' set `true' on input line 4070.
Package hyperref Info: Option `implicit' set `false' on input line 4070.
Package hyperref Info: Hyper figures OFF on input line 4199.
Package hyperref Info: Link nesting OFF on input line 4204.
Package hyperref Info: Hyper index ON on input line 4207.
Package hyperref Info: Plain pages OFF on input line 4214.
Package hyperref Info: Backreferencing OFF on input line 4219.
Package hyperref Info: Implicit mode OFF; no redefinition of LaTeX internals.
Package hyperref Info: Bookmarks ON on input line 4466.
\c@Hy@tempcnt=\count324
(c:/Users/wrgar/AppData/Roaming/TinyTeX/texmf-dist/tex/latex/url/url.sty
\Urlmuskip=\muskip17
Package: url 2013/09/16  ver 3.4  Verb mode for urls, etc.
)
LaTeX Info: Redefining \url on input line 4805.
\XeTeXLinkMargin=\dimen278
(c:/Users/wrgar/AppData/Roaming/TinyTeX/texmf-dist/tex/generic/bitset/bitset.sty
Package: bitset 2019/12/09 v1.3 Handle bit-vector datatype (HO)
(c:/Users/wrgar/AppData/Roaming/TinyTeX/texmf-dist/tex/generic/bigintcalc/bigintcalc.sty
Package: bigintcalc 2019/12/15 v1.5 Expandable calculations on big integers (HO)
))
\Fld@menulength=\count325
\Field@Width=\dimen279
\Fld@charsize=\dimen280
Package hyperref Info: Hyper figures OFF on input line 6091.
Package hyperref Info: Link nesting OFF on input line 6096.
Package hyperref Info: Hyper index ON on input line 6099.
Package hyperref Info: backreferencing OFF on input line 6106.
Package hyperref Info: Link coloring OFF on input line 6111.
Package hyperref Info: Link coloring with OCG OFF on input line 6116.
Package hyperref Info: PDF/A mode OFF on input line 6121.
\Hy@abspage=\count326

Package hyperref Message: Stopped early.

)
Package hyperref Info: Driver (autodetected): hxetex.
(c:/Users/wrgar/AppData/Roaming/TinyTeX/texmf-dist/tex/latex/hyperref/hxetex.def
File: hxetex.def 2026-04-24 v7.01q Hyperref driver for XeTeX
\pdfm@box=\box68
\c@Hy@AnnotLevel=\count327
\HyField@AnnotCount=\count328
\Fld@listcount=\count329
\c@bookmark@seq@number=\count330
(c:/Users/wrgar/AppData/Roaming/TinyTeX/texmf-dist/tex/latex/rerunfilecheck/rerunfilecheck.sty
Package: rerunfilecheck 2025-06-21 v1.11 Rerun checks for auxiliary files (HO)
(c:/Users/wrgar/AppData/Roaming/TinyTeX/texmf-dist/tex/generic/uniquecounter/uniquecounter.sty
Package: uniquecounter 2019/12/15 v1.4 Provide unlimited unique counter (HO)
)
Package uniquecounter Info: New unique counter `rerunfilecheck' on input line 284.
)) (c:/Users/wrgar/AppData/Roaming/TinyTeX/texmf-dist/tex/latex/beamer/beamerbaserequires.sty (c:/Users/wrgar/AppData/Roaming/TinyTeX/texmf-dist/tex/latex/beamer/beamerbasecompatibility.sty) (c:/Users/wrgar/AppData/Roaming/TinyTeX/texmf-dist/tex/latex/beamer/beamerbasefont.sty (c:/Users/wrgar/AppData/Roaming/TinyTeX/texmf-dist/tex/latex/amsfonts/amssymb.sty
Package: amssymb 2013/01/14 v3.01 AMS font symbols
(c:/Users/wrgar/AppData/Roaming/TinyTeX/texmf-dist/tex/latex/amsfonts/amsfonts.sty
Package: amsfonts 2013/01/14 v3.01 Basic AMSFonts support
\@emptytoks=\toks29
\symAMSa=\mathgroup4
\symAMSb=\mathgroup5
LaTeX Font Info:    Redeclaring math symbol \hbar on input line 98.
LaTeX Font Info:    Overwriting math alphabet `\mathfrak' in version `bold'
(Font)                  U/euf/m/n --> U/euf/b/n on input line 106.
))) (c:/Users/wrgar/AppData/Roaming/TinyTeX/texmf-dist/tex/latex/beamer/beamerbasetranslator.sty (c:/Users/wrgar/AppData/Roaming/TinyTeX/texmf-dist/tex/latex/translator/translator.sty
Package: translator 2021-05-31 v1.12d Easy translation of strings in LaTeX
)) (c:/Users/wrgar/AppData/Roaming/TinyTeX/texmf-dist/tex/latex/beamer/beamerbasemisc.sty) (c:/Users/wrgar/AppData/Roaming/TinyTeX/texmf-dist/tex/latex/beamer/beamerbasetwoscreens.sty) (c:/Users/wrgar/AppData/Roaming/TinyTeX/texmf-dist/tex/latex/beamer/beamerbaseoverlay.sty
\beamer@argscount=\count331
\beamer@lastskipcover=\skip52
\beamer@trivlistdepth=\count332
) (c:/Users/wrgar/AppData/Roaming/TinyTeX/texmf-dist/tex/latex/beamer/beamerbasetitle.sty) (c:/Users/wrgar/AppData/Roaming/TinyTeX/texmf-dist/tex/latex/beamer/beamerbasesection.sty
\c@lecture=\count333
\c@part=\count334
\c@section=\count335
\c@subsection=\count336
\c@subsubsection=\count337
) (c:/Users/wrgar/AppData/Roaming/TinyTeX/texmf-dist/tex/latex/beamer/beamerbaseframe.sty
\beamer@framebox=\box69
\beamer@frametitlebox=\box70
\beamer@zoombox=\box71
\beamer@zoomcount=\count338
\beamer@zoomframecount=\count339
\beamer@frametextheight=\dimen281
\c@subsectionslide=\count340
\beamer@frametopskip=\skip53
\beamer@framebottomskip=\skip54
\beamer@frametopskipautobreak=\skip55
\beamer@framebottomskipautobreak=\skip56
\beamer@envbody=\toks30
\framewidth=\dimen282
\c@framenumber=\count341
) (c:/Users/wrgar/AppData/Roaming/TinyTeX/texmf-dist/tex/latex/beamer/beamerbaseverbatim.sty
\beamer@verbatimfileout=\write4
) (c:/Users/wrgar/AppData/Roaming/TinyTeX/texmf-dist/tex/latex/beamer/beamerbaseframesize.sty
\beamer@splitbox=\box72
\beamer@autobreakcount=\count342
\beamer@autobreaklastheight=\dimen283
\beamer@frametitletoks=\toks31
\beamer@framesubtitletoks=\toks32
) (c:/Users/wrgar/AppData/Roaming/TinyTeX/texmf-dist/tex/latex/beamer/beamerbaseframecomponents.sty
\beamer@colheight=\skip57
\beamer@footins=\box73
) (c:/Users/wrgar/AppData/Roaming/TinyTeX/texmf-dist/tex/latex/beamer/beamerbasecolor.sty) (c:/Users/wrgar/AppData/Roaming/TinyTeX/texmf-dist/tex/latex/beamer/beamerbasenotes.sty
\beamer@frameboxcopy=\box74
) (c:/Users/wrgar/AppData/Roaming/TinyTeX/texmf-dist/tex/latex/beamer/beamerbasetoc.sty) (c:/Users/wrgar/AppData/Roaming/TinyTeX/texmf-dist/tex/latex/beamer/beamerbasetemplates.sty
\beamer@sbttoks=\toks33
(c:/Users/wrgar/AppData/Roaming/TinyTeX/texmf-dist/tex/latex/beamer/beamerbaseauxtemplates.sty (c:/Users/wrgar/AppData/Roaming/TinyTeX/texmf-dist/tex/latex/beamer/beamerbaseboxes.sty
\bmb@box=\box75
\bmb@colorbox=\box76
\bmb@boxwidth=\dimen284
\bmb@boxheight=\dimen285
\bmb@prevheight=\dimen286
\bmb@temp=\dimen287
\bmb@dima=\dimen288
\bmb@dimb=\dimen289
\bmb@prevheight=\dimen290
)
\beamer@blockheadheight=\dimen291
)) (c:/Users/wrgar/AppData/Roaming/TinyTeX/texmf-dist/tex/latex/beamer/beamerbaselocalstructure.sty (c:/Users/wrgar/AppData/Roaming/TinyTeX/texmf-dist/tex/latex/tools/enumerate.sty
Package: enumerate 2023/07/04 v3.00 enumerate extensions (DPC)
\@enLab=\toks34
)
\beamer@bibiconwidth=\skip58
\c@figure=\count343
\c@table=\count344
\abovecaptionskip=\skip59
\belowcaptionskip=\skip60
) (c:/Users/wrgar/AppData/Roaming/TinyTeX/texmf-dist/tex/latex/beamer/beamerbasenavigation.sty (c:/Users/wrgar/AppData/Roaming/TinyTeX/texmf-dist/tex/latex/beamer/beamerbasenavigationsymbols.tex)
\beamer@section@min@dim=\dimen292
) (c:/Users/wrgar/AppData/Roaming/TinyTeX/texmf-dist/tex/latex/beamer/beamerbasetheorems.sty (c:/Users/wrgar/AppData/Roaming/TinyTeX/texmf-dist/tex/latex/amsmath/amsmath.sty
Package: amsmath 2025/07/09 v2.17z AMS math features
\@mathmargin=\skip61
For additional information on amsmath, use the `?' option.
(c:/Users/wrgar/AppData/Roaming/TinyTeX/texmf-dist/tex/latex/amsmath/amstext.sty
Package: amstext 2024/11/17 v2.01 AMS text
(c:/Users/wrgar/AppData/Roaming/TinyTeX/texmf-dist/tex/latex/amsmath/amsgen.sty
File: amsgen.sty 1999/11/30 v2.0 generic functions
\@emptytoks=\toks35
\ex@=\dimen293
)) (c:/Users/wrgar/AppData/Roaming/TinyTeX/texmf-dist/tex/latex/amsmath/amsbsy.sty
Package: amsbsy 1999/11/29 v1.2d Bold Symbols
\pmbraise@=\dimen294
) (c:/Users/wrgar/AppData/Roaming/TinyTeX/texmf-dist/tex/latex/amsmath/amsopn.sty
Package: amsopn 2022/04/08 v2.04 operator names
)
\inf@bad=\count345
LaTeX Info: Redefining \frac on input line 233.
\uproot@=\count346
\leftroot@=\count347
LaTeX Info: Redefining \overline on input line 398.
LaTeX Info: Redefining \colon on input line 409.
\classnum@=\count348
\DOTSCASE@=\count349
LaTeX Info: Redefining \ldots on input line 495.
LaTeX Info: Redefining \dots on input line 498.
LaTeX Info: Redefining \cdots on input line 619.
\Mathstrutbox@=\box77
\strutbox@=\box78
LaTeX Info: Redefining \big on input line 721.
LaTeX Info: Redefining \Big on input line 722.
LaTeX Info: Redefining \bigg on input line 723.
LaTeX Info: Redefining \Bigg on input line 724.
\big@size=\dimen295
LaTeX Font Info:    Redeclaring font encoding OML on input line 742.
LaTeX Font Info:    Redeclaring font encoding OMS on input line 743.
\macc@depth=\count350
LaTeX Info: Redefining \bmod on input line 904.
LaTeX Info: Redefining \pmod on input line 909.
LaTeX Info: Redefining \smash on input line 939.
LaTeX Info: Redefining \relbar on input line 969.
LaTeX Info: Redefining \Relbar on input line 970.
\c@MaxMatrixCols=\count351
\dotsspace@=\muskip18
\c@parentequation=\count352
\dspbrk@lvl=\count353
\tag@help=\toks36
\row@=\count354
\column@=\count355
\maxfields@=\count356
\andhelp@=\toks37
\eqnshift@=\dimen296
\alignsep@=\dimen297
\tagshift@=\dimen298
\tagwidth@=\dimen299
\totwidth@=\dimen300
\lineht@=\dimen301
\@envbody=\toks38
\multlinegap=\skip62
\multlinetaggap=\skip63
\mathdisplay@stack=\toks39
LaTeX Info: Redefining \[ on input line 2950.
LaTeX Info: Redefining \] on input line 2951.
) (c:/Users/wrgar/AppData/Roaming/TinyTeX/texmf-dist/tex/latex/amscls/amsthm.sty
Package: amsthm 2020/05/29 v2.20.6
\thm@style=\toks40
\thm@bodyfont=\toks41
\thm@headfont=\toks42
\thm@notefont=\toks43
\thm@headpunct=\toks44
\thm@preskip=\skip64
\thm@postskip=\skip65
\thm@headsep=\skip66
\dth@everypar=\toks45
)
\c@theorem=\count357
) (c:/Users/wrgar/AppData/Roaming/TinyTeX/texmf-dist/tex/latex/beamer/beamerbasethemes.sty)) (c:/Users/wrgar/AppData/Roaming/TinyTeX/texmf-dist/tex/latex/beamer/beamerthemedefault.sty (c:/Users/wrgar/AppData/Roaming/TinyTeX/texmf-dist/tex/latex/beamer/beamerfontthemedefault.sty) (c:/Users/wrgar/AppData/Roaming/TinyTeX/texmf-dist/tex/latex/beamer/beamercolorthemedefault.sty) (c:/Users/wrgar/AppData/Roaming/TinyTeX/texmf-dist/tex/latex/beamer/beamerinnerthemedefault.sty
\beamer@dima=\dimen302
\beamer@dimb=\dimen303
) (c:/Users/wrgar/AppData/Roaming/TinyTeX/texmf-dist/tex/latex/beamer/beamerouterthemedefault.sty))) (c:/Users/wrgar/AppData/Roaming/TinyTeX/texmf-dist/tex/latex/pgf/utilities/pgfpages.sty
Package: pgfpages 2011/01/05 ver 0.02
(c:/Users/wrgar/AppData/Roaming/TinyTeX/texmf-dist/tex/latex/tools/calc.sty
Package: calc 2025/03/01 v4.3b Infix arithmetic (KKT,FJ)
\calc@Acount=\count358
\calc@Bcount=\count359
\calc@Adimen=\dimen304
\calc@Bdimen=\dimen305
\calc@Askip=\skip67
\calc@Bskip=\skip68
LaTeX Info: Redefining \setlength on input line 86.
LaTeX Info: Redefining \addtolength on input line 87.
\calc@Ccount=\count360
\calc@Cskip=\skip69
)
\pgf@logicalpages=\count361
\pgf@firstshipout=\count362
\pgf@lastshipout=\count363
\pgf@currentshipout=\count364
\pgf@cpn=\count365
\pgf@shipoutnextto=\count366
\pgfphysicalheight=\dimen306
\pgfphysicalwidth=\dimen307
\pgfpages@shipoutbox=\box79
) (c:/Users/wrgar/AppData/Roaming/TinyTeX/texmf-dist/tex/latex/unicode-math/unicode-math.sty (c:/Users/wrgar/AppData/Roaming/TinyTeX/texmf-dist/tex/latex/l3kernel/expl3.sty
Package: expl3 2026-05-15 L3 programming layer (loader) 
(c:/Users/wrgar/AppData/Roaming/TinyTeX/texmf-dist/tex/latex/l3backend/l3backend-xetex.def
File: l3backend-xetex.def 2026-02-18 L3 backend support: XeTeX
\g__graphics_track_int=\count367
\g__pdfannot_backend_int=\count368
\g__pdfannot_backend_link_int=\count369
))
Package: unicode-math 2023/08/13 v0.8r Unicode maths in XeLaTeX and LuaLaTeX
(c:/Users/wrgar/AppData/Roaming/TinyTeX/texmf-dist/tex/latex/unicode-math/unicode-math-xetex.sty
Package: unicode-math-xetex 2023/08/13 v0.8r Unicode maths in XeLaTeX and LuaLaTeX
(c:/Users/wrgar/AppData/Roaming/TinyTeX/texmf-dist/tex/latex/l3packages/xparse/xparse.sty
Package: xparse 2025-10-09 L3 Experimental document command parser
) (c:/Users/wrgar/AppData/Roaming/TinyTeX/texmf-dist/tex/latex/l3packages/l3keys2e/l3keys2e.sty
Package: l3keys2e 2025-10-09 LaTeX2e option processing using LaTeX3 keys
) (c:/Users/wrgar/AppData/Roaming/TinyTeX/texmf-dist/tex/latex/fontspec/fontspec.sty
Package: fontspec 2025/09/29 v2.9g Font selection for XeLaTeX and LuaLaTeX
(c:/Users/wrgar/AppData/Roaming/TinyTeX/texmf-dist/tex/latex/fontspec/fontspec-xetex.sty
Package: fontspec-xetex 2025/09/29 v2.9g Font selection for XeLaTeX and LuaLaTeX
\l__fontspec_script_int=\count370
\l__fontspec_language_int=\count371
\l__fontspec_strnum_int=\count372
\l__fontspec_tmp_int=\count373
\l__fontspec_tmpa_int=\count374
\l__fontspec_tmpb_int=\count375
\l__fontspec_tmpc_int=\count376
\l__fontspec_em_int=\count377
\l__fontspec_emdef_int=\count378
\l__fontspec_strong_int=\count379
\l__fontspec_strongdef_int=\count380
\l__fontspec_tmpa_dim=\dimen308
\l__fontspec_tmpb_dim=\dimen309
\l__fontspec_tmpc_dim=\dimen310
(c:/Users/wrgar/AppData/Roaming/TinyTeX/texmf-dist/tex/latex/base/fontenc.sty
Package: fontenc 2025/07/18 v2.1d Standard LaTeX package
) (c:/Users/wrgar/AppData/Roaming/TinyTeX/texmf-dist/tex/latex/fontspec/fontspec.cfg))) (c:/Users/wrgar/AppData/Roaming/TinyTeX/texmf-dist/tex/latex/base/fix-cm.sty
Package: fix-cm 2020/11/24 v1.1t fixes to LaTeX
(c:/Users/wrgar/AppData/Roaming/TinyTeX/texmf-dist/tex/latex/base/ts1enc.def
File: ts1enc.def 2001/06/05 v3.0e (jk/car/fm) Standard LaTeX file
LaTeX Font Info:    Redeclaring font encoding TS1 on input line 47.
LaTeX Encoding Info:    Redeclaring text command \capitalcedilla (encoding TS1) on input line 49.
LaTeX Encoding Info:    Redeclaring text command \capitalogonek (encoding TS1) on input line 52.
LaTeX Encoding Info:    Redeclaring text command \capitalgrave (encoding TS1) on input line 55.
LaTeX Encoding Info:    Redeclaring text command \capitalacute (encoding TS1) on input line 56.
LaTeX Encoding Info:    Redeclaring text command \capitalcircumflex (encoding TS1) on input line 57.
LaTeX Encoding Info:    Redeclaring text command \capitaltilde (encoding TS1) on input line 58.
LaTeX Encoding Info:    Redeclaring text command \capitaldieresis (encoding TS1) on input line 59.
LaTeX Encoding Info:    Redeclaring text command \capitalhungarumlaut (encoding TS1) on input line 60.
LaTeX Encoding Info:    Redeclaring text command \capitalring (encoding TS1) on input line 61.
LaTeX Encoding Info:    Redeclaring text command \capitalcaron (encoding TS1) on input line 62.
LaTeX Encoding Info:    Redeclaring text command \capitalbreve (encoding TS1) on input line 63.
LaTeX Encoding Info:    Redeclaring text command \capitalmacron (encoding TS1) on input line 64.
LaTeX Encoding Info:    Redeclaring text command \capitaldotaccent (encoding TS1) on input line 65.
LaTeX Encoding Info:    Redeclaring text command \t (encoding TS1) on input line 66.
LaTeX Encoding Info:    Redeclaring text command \capitaltie (encoding TS1) on input line 67.
LaTeX Encoding Info:    Redeclaring text command \newtie (encoding TS1) on input line 68.
LaTeX Encoding Info:    Redeclaring text command \capitalnewtie (encoding TS1) on input line 69.
LaTeX Encoding Info:    Redeclaring text symbol \textcapitalcompwordmark (encoding TS1) on input line 70.
LaTeX Encoding Info:    Redeclaring text symbol \textascendercompwordmark (encoding TS1) on input line 71.
LaTeX Encoding Info:    Redeclaring text symbol \textquotestraightbase (encoding TS1) on input line 72.
LaTeX Encoding Info:    Redeclaring text symbol \textquotestraightdblbase (encoding TS1) on input line 73.
LaTeX Encoding Info:    Redeclaring text symbol \texttwelveudash (encoding TS1) on input line 74.
LaTeX Encoding Info:    Redeclaring text symbol \textthreequartersemdash (encoding TS1) on input line 75.
LaTeX Encoding Info:    Redeclaring text symbol \textleftarrow (encoding TS1) on input line 76.
LaTeX Encoding Info:    Redeclaring text symbol \textrightarrow (encoding TS1) on input line 77.
LaTeX Encoding Info:    Redeclaring text symbol \textblank (encoding TS1) on input line 78.
LaTeX Encoding Info:    Redeclaring text symbol \textdollar (encoding TS1) on input line 79.
LaTeX Encoding Info:    Redeclaring text symbol \textquotesingle (encoding TS1) on input line 80.
LaTeX Encoding Info:    Redeclaring text command \textasteriskcentered (encoding TS1) on input line 81.
LaTeX Encoding Info:    Redeclaring text symbol \textdblhyphen (encoding TS1) on input line 92.
LaTeX Encoding Info:    Redeclaring text symbol \textfractionsolidus (encoding TS1) on input line 93.
LaTeX Encoding Info:    Redeclaring text symbol \textzerooldstyle (encoding TS1) on input line 94.
LaTeX Encoding Info:    Redeclaring text symbol \textoneoldstyle (encoding TS1) on input line 95.
LaTeX Encoding Info:    Redeclaring text symbol \texttwooldstyle (encoding TS1) on input line 96.
LaTeX Encoding Info:    Redeclaring text symbol \textthreeoldstyle (encoding TS1) on input line 97.
LaTeX Encoding Info:    Redeclaring text symbol \textfouroldstyle (encoding TS1) on input line 98.
LaTeX Encoding Info:    Redeclaring text symbol \textfiveoldstyle (encoding TS1) on input line 99.
LaTeX Encoding Info:    Redeclaring text symbol \textsixoldstyle (encoding TS1) on input line 100.
LaTeX Encoding Info:    Redeclaring text symbol \textsevenoldstyle (encoding TS1) on input line 101.
LaTeX Encoding Info:    Redeclaring text symbol \texteightoldstyle (encoding TS1) on input line 102.
LaTeX Encoding Info:    Redeclaring text symbol \textnineoldstyle (encoding TS1) on input line 103.
LaTeX Encoding Info:    Redeclaring text symbol \textlangle (encoding TS1) on input line 104.
LaTeX Encoding Info:    Redeclaring text symbol \textminus (encoding TS1) on input line 105.
LaTeX Encoding Info:    Redeclaring text symbol \textrangle (encoding TS1) on input line 106.
LaTeX Encoding Info:    Redeclaring text symbol \textmho (encoding TS1) on input line 107.
LaTeX Encoding Info:    Redeclaring text symbol \textbigcircle (encoding TS1) on input line 108.
LaTeX Encoding Info:    Redeclaring text command \textcircled (encoding TS1) on input line 109.
LaTeX Encoding Info:    Redeclaring text symbol \textohm (encoding TS1) on input line 115.
LaTeX Encoding Info:    Redeclaring text symbol \textlbrackdbl (encoding TS1) on input line 116.
LaTeX Encoding Info:    Redeclaring text symbol \textrbrackdbl (encoding TS1) on input line 117.
LaTeX Encoding Info:    Redeclaring text symbol \textuparrow (encoding TS1) on input line 118.
LaTeX Encoding Info:    Redeclaring text symbol \textdownarrow (encoding TS1) on input line 119.
LaTeX Encoding Info:    Redeclaring text symbol \textasciigrave (encoding TS1) on input line 120.
LaTeX Encoding Info:    Redeclaring text symbol \textborn (encoding TS1) on input line 121.
LaTeX Encoding Info:    Redeclaring text symbol \textdivorced (encoding TS1) on input line 122.
LaTeX Encoding Info:    Redeclaring text symbol \textdied (encoding TS1) on input line 123.
LaTeX Encoding Info:    Redeclaring text symbol \textleaf (encoding TS1) on input line 124.
LaTeX Encoding Info:    Redeclaring text symbol \textmarried (encoding TS1) on input line 125.
LaTeX Encoding Info:    Redeclaring text symbol \textmusicalnote (encoding TS1) on input line 126.
LaTeX Encoding Info:    Redeclaring text symbol \texttildelow (encoding TS1) on input line 127.
LaTeX Encoding Info:    Redeclaring text symbol \textdblhyphenchar (encoding TS1) on input line 128.
LaTeX Encoding Info:    Redeclaring text symbol \textasciibreve (encoding TS1) on input line 129.
LaTeX Encoding Info:    Redeclaring text symbol \textasciicaron (encoding TS1) on input line 130.
LaTeX Encoding Info:    Redeclaring text symbol \textacutedbl (encoding TS1) on input line 131.
LaTeX Encoding Info:    Redeclaring text symbol \textgravedbl (encoding TS1) on input line 132.
LaTeX Encoding Info:    Redeclaring text symbol \textdagger (encoding TS1) on input line 133.
LaTeX Encoding Info:    Redeclaring text symbol \textdaggerdbl (encoding TS1) on input line 134.
LaTeX Encoding Info:    Redeclaring text symbol \textbardbl (encoding TS1) on input line 135.
LaTeX Encoding Info:    Redeclaring text symbol \textperthousand (encoding TS1) on input line 136.
LaTeX Encoding Info:    Redeclaring text symbol \textbullet (encoding TS1) on input line 137.
LaTeX Encoding Info:    Redeclaring text symbol \textcelsius (encoding TS1) on input line 138.
LaTeX Encoding Info:    Redeclaring text symbol \textdollaroldstyle (encoding TS1) on input line 139.
LaTeX Encoding Info:    Redeclaring text symbol \textcentoldstyle (encoding TS1) on input line 140.
LaTeX Encoding Info:    Redeclaring text symbol \textflorin (encoding TS1) on input line 141.
LaTeX Encoding Info:    Redeclaring text symbol \textcolonmonetary (encoding TS1) on input line 142.
LaTeX Encoding Info:    Redeclaring text symbol \textwon (encoding TS1) on input line 143.
LaTeX Encoding Info:    Redeclaring text symbol \textnaira (encoding TS1) on input line 144.
LaTeX Encoding Info:    Redeclaring text symbol \textguarani (encoding TS1) on input line 145.
LaTeX Encoding Info:    Redeclaring text symbol \textpeso (encoding TS1) on input line 146.
LaTeX Encoding Info:    Redeclaring text symbol \textlira (encoding TS1) on input line 147.
LaTeX Encoding Info:    Redeclaring text symbol \textrecipe (encoding TS1) on input line 148.
LaTeX Encoding Info:    Redeclaring text symbol \textinterrobang (encoding TS1) on input line 149.
LaTeX Encoding Info:    Redeclaring text symbol \textinterrobangdown (encoding TS1) on input line 150.
LaTeX Encoding Info:    Redeclaring text symbol \textdong (encoding TS1) on input line 151.
LaTeX Encoding Info:    Redeclaring text symbol \texttrademark (encoding TS1) on input line 152.
LaTeX Encoding Info:    Redeclaring text symbol \textpertenthousand (encoding TS1) on input line 153.
LaTeX Encoding Info:    Redeclaring text symbol \textpilcrow (encoding TS1) on input line 154.
LaTeX Encoding Info:    Redeclaring text symbol \textbaht (encoding TS1) on input line 155.
LaTeX Encoding Info:    Redeclaring text symbol \textnumero (encoding TS1) on input line 156.
LaTeX Encoding Info:    Redeclaring text symbol \textdiscount (encoding TS1) on input line 157.
LaTeX Encoding Info:    Redeclaring text symbol \textestimated (encoding TS1) on input line 158.
LaTeX Encoding Info:    Redeclaring text symbol \textopenbullet (encoding TS1) on input line 159.
LaTeX Encoding Info:    Redeclaring text symbol \textservicemark (encoding TS1) on input line 160.
LaTeX Encoding Info:    Redeclaring text symbol \textlquill (encoding TS1) on input line 161.
LaTeX Encoding Info:    Redeclaring text symbol \textrquill (encoding TS1) on input line 162.
LaTeX Encoding Info:    Redeclaring text symbol \textcent (encoding TS1) on input line 163.
LaTeX Encoding Info:    Redeclaring text symbol \textsterling (encoding TS1) on input line 164.
LaTeX Encoding Info:    Redeclaring text symbol \textcurrency (encoding TS1) on input line 165.
LaTeX Encoding Info:    Redeclaring text symbol \textyen (encoding TS1) on input line 166.
LaTeX Encoding Info:    Redeclaring text symbol \textbrokenbar (encoding TS1) on input line 167.
LaTeX Encoding Info:    Redeclaring text symbol \textsection (encoding TS1) on input line 168.
LaTeX Encoding Info:    Redeclaring text symbol \textasciidieresis (encoding TS1) on input line 169.
LaTeX Encoding Info:    Redeclaring text symbol \textcopyright (encoding TS1) on input line 170.
LaTeX Encoding Info:    Redeclaring text symbol \textordfeminine (encoding TS1) on input line 171.
LaTeX Encoding Info:    Redeclaring text symbol \textcopyleft (encoding TS1) on input line 172.
LaTeX Encoding Info:    Redeclaring text symbol \textlnot (encoding TS1) on input line 173.
LaTeX Encoding Info:    Redeclaring text symbol \textcircledP (encoding TS1) on input line 174.
LaTeX Encoding Info:    Redeclaring text symbol \textregistered (encoding TS1) on input line 175.
LaTeX Encoding Info:    Redeclaring text symbol \textasciimacron (encoding TS1) on input line 176.
LaTeX Encoding Info:    Redeclaring text symbol \textdegree (encoding TS1) on input line 177.
LaTeX Encoding Info:    Redeclaring text symbol \textpm (encoding TS1) on input line 178.
LaTeX Encoding Info:    Redeclaring text symbol \texttwosuperior (encoding TS1) on input line 179.
LaTeX Encoding Info:    Redeclaring text symbol \textthreesuperior (encoding TS1) on input line 180.
LaTeX Encoding Info:    Redeclaring text symbol \textasciiacute (encoding TS1) on input line 181.
LaTeX Encoding Info:    Redeclaring text symbol \textmu (encoding TS1) on input line 182.
LaTeX Encoding Info:    Redeclaring text symbol \textparagraph (encoding TS1) on input line 183.
LaTeX Encoding Info:    Redeclaring text symbol \textperiodcentered (encoding TS1) on input line 184.
LaTeX Encoding Info:    Redeclaring text symbol \textreferencemark (encoding TS1) on input line 185.
LaTeX Encoding Info:    Redeclaring text symbol \textonesuperior (encoding TS1) on input line 186.
LaTeX Encoding Info:    Redeclaring text symbol \textordmasculine (encoding TS1) on input line 187.
LaTeX Encoding Info:    Redeclaring text symbol \textsurd (encoding TS1) on input line 188.
LaTeX Encoding Info:    Redeclaring text symbol \textonequarter (encoding TS1) on input line 189.
LaTeX Encoding Info:    Redeclaring text symbol \textonehalf (encoding TS1) on input line 190.
LaTeX Encoding Info:    Redeclaring text symbol \textthreequarters (encoding TS1) on input line 191.
LaTeX Encoding Info:    Redeclaring text symbol \texteuro (encoding TS1) on input line 192.
LaTeX Encoding Info:    Redeclaring text symbol \texttimes (encoding TS1) on input line 193.
LaTeX Encoding Info:    Redeclaring text symbol \textdiv (encoding TS1) on input line 194.
))
\g__um_fam_int=\count381
\g__um_fonts_used_int=\count382
\l__um_primecount_int=\count383
\g__um_primekern_muskip=\muskip19
(c:/Users/wrgar/AppData/Roaming/TinyTeX/texmf-dist/tex/latex/unicode-math/unicode-math-table.tex))) (c:/Users/wrgar/AppData/Roaming/TinyTeX/texmf-dist/tex/latex/lm/lmodern.sty
Package: lmodern 2015/05/01 v1.6.1 Latin Modern Fonts
LaTeX Font Info:    Overwriting symbol font `operators' in version `normal'
(Font)                  OT1/cmr/m/n --> OT1/lmr/m/n on input line 22.
LaTeX Font Info:    Overwriting symbol font `letters' in version `normal'
(Font)                  OML/cmm/m/it --> OML/lmm/m/it on input line 23.
LaTeX Font Info:    Overwriting symbol font `symbols' in version `normal'
(Font)                  OMS/cmsy/m/n --> OMS/lmsy/m/n on input line 24.
LaTeX Font Info:    Overwriting symbol font `largesymbols' in version `normal'
(Font)                  OMX/cmex/m/n --> OMX/lmex/m/n on input line 25.
LaTeX Font Info:    Overwriting symbol font `operators' in version `bold'
(Font)                  OT1/cmr/bx/n --> OT1/lmr/bx/n on input line 26.
LaTeX Font Info:    Overwriting symbol font `letters' in version `bold'
(Font)                  OML/cmm/b/it --> OML/lmm/b/it on input line 27.
LaTeX Font Info:    Overwriting symbol font `symbols' in version `bold'
(Font)                  OMS/cmsy/b/n --> OMS/lmsy/b/n on input line 28.
LaTeX Font Info:    Overwriting symbol font `largesymbols' in version `bold'
(Font)                  OMX/cmex/m/n --> OMX/lmex/m/n on input line 29.
LaTeX Font Info:    Overwriting math alphabet `\mathbf' in version `normal'
(Font)                  OT1/cmr/bx/n --> OT1/lmr/bx/n on input line 31.
LaTeX Font Info:    Overwriting math alphabet `\mathsf' in version `normal'
(Font)                  OT1/cmss/m/n --> OT1/lmss/m/n on input line 32.
LaTeX Font Info:    Overwriting math alphabet `\mathit' in version `normal'
(Font)                  OT1/cmr/m/it --> OT1/lmr/m/it on input line 33.
LaTeX Font Info:    Overwriting math alphabet `\mathtt' in version `normal'
(Font)                  OT1/cmtt/m/n --> OT1/lmtt/m/n on input line 34.
LaTeX Font Info:    Overwriting math alphabet `\mathbf' in version `bold'
(Font)                  OT1/cmr/bx/n --> OT1/lmr/bx/n on input line 35.
LaTeX Font Info:    Overwriting math alphabet `\mathsf' in version `bold'
(Font)                  OT1/cmss/bx/n --> OT1/lmss/bx/n on input line 36.
LaTeX Font Info:    Overwriting math alphabet `\mathit' in version `bold'
(Font)                  OT1/cmr/bx/it --> OT1/lmr/bx/it on input line 37.
LaTeX Font Info:    Overwriting math alphabet `\mathtt' in version `bold'
(Font)                  OT1/cmtt/m/n --> OT1/lmtt/m/n on input line 38.
) (c:/Users/wrgar/AppData/Roaming/TinyTeX/texmf-dist/tex/latex/microtype/microtype.sty
Package: microtype 2026/03/01 v3.2d Micro-typographical refinements (RS)
\MT@toks=\toks46
\MT@tempbox=\box80
\MT@count=\count384
LaTeX Info: Redefining \noprotrusionifhmode on input line 1084.
LaTeX Info: Redefining \leftprotrusion on input line 1085.
\MT@prot@toks=\toks47
LaTeX Info: Redefining \rightprotrusion on input line 1104.
LaTeX Info: Redefining \textls on input line 1449.
\MT@outer@kern=\dimen311
LaTeX Info: Redefining \microtypecontext on input line 2053.
LaTeX Info: Redefining \textmicrotypecontext on input line 2070.
\MT@listname@count=\count385
(c:/Users/wrgar/AppData/Roaming/TinyTeX/texmf-dist/tex/latex/microtype/microtype-xetex.def
File: microtype-xetex.def 2026/03/01 v3.2d Definitions specific to xetex (RS)
LaTeX Info: Redefining \lsstyle on input line 443.
LaTeX Info: Redefining \lslig on input line 451.
\MT@outer@space=\skip70
)
Package microtype Info: Loading configuration file microtype.cfg.
(c:/Users/wrgar/AppData/Roaming/TinyTeX/texmf-dist/tex/latex/microtype/microtype.cfg
File: microtype.cfg 2026/03/01 v3.2d microtype main configuration file (RS)
)
LaTeX Info: Redefining \microtypesetup on input line 3065.
) (./beamer_preamble.tex (c:/Users/wrgar/AppData/Roaming/TinyTeX/texmf-dist/tex/latex/beamer/beamerfontthemeprofessionalfonts.sty)

Package fontspec Info: 
(fontspec)             Calibri scale = 0.9561625419003634.


Package fontspec Info: 
(fontspec)             Calibri scale = 1.


Package fontspec Info: 
(fontspec)             Calibri scale = 0.9561625419003634.


Package fontspec Info: 
(fontspec)             Calibri scale = 1.


Package fontspec Info: 
(fontspec)             Calibri scale = 0.9561625419003634.


Package fontspec Info: 
(fontspec)             Calibri scale = 1.


Package fontspec Info: 
(fontspec)             Calibri Bold scale = 0.9471974077322118.


Package fontspec Info: 
(fontspec)             Calibri Bold scale = 1.


Package fontspec Info: 
(fontspec)             Calibri Bold scale = 0.9471974077322118.


Package fontspec Info: 
(fontspec)             Calibri Bold scale = 1.


Package fontspec Info: 
(fontspec)             Calibri Italic scale = 0.950166103049497.


Package fontspec Info: 
(fontspec)             Calibri Italic scale = 1.


Package fontspec Info: 
(fontspec)             Calibri Italic scale = 0.950166103049497.


Package fontspec Info: 
(fontspec)             Calibri Italic scale = 1.


Package fontspec Info: 
(fontspec)             Calibri Bold Italic scale = 0.9471974077322118.


Package fontspec Info: 
(fontspec)             Calibri Bold Italic scale = 1.


Package fontspec Info: 
(fontspec)             Calibri Bold Italic scale = 0.9471974077322118.


Package fontspec Info: 
(fontspec)             Calibri Bold Italic scale = 1.


Package fontspec Info: 
(fontspec)             Font family 'Calibri(0)' created for font 'Calibri'
(fontspec)             with options
(fontspec)             [Scale=MatchLowercase,Ligatures=TeX,Scale=1,BoldFont =
(fontspec)             Calibri Bold,ItalicFont = Calibri Italic,BoldItalicFont
(fontspec)             = Calibri Bold Italic].
(fontspec)              
(fontspec)              This font family consists of the following NFSS
(fontspec)             series/shapes:
(fontspec)              
(fontspec)             - 'normal' (m/n) with NFSS spec.:
(fontspec)             <->s*[1]"Calibri/OT:script=latn;language=dflt;mapping=tex-text;"
(fontspec)             - 'small caps'  (m/sc) with NFSS spec.:
(fontspec)             <->s*[1]"Calibri/OT:script=latn;language=dflt;+smcp;mapping=tex-text;"
(fontspec)             - 'bold' (b/n) with NFSS spec.: <->s*[1]"Calibri
(fontspec)             Bold/OT:script=latn;language=dflt;mapping=tex-text;"
(fontspec)             - 'bold small caps'  (b/sc) with NFSS spec.:
(fontspec)             <->s*[1]"Calibri
(fontspec)             Bold/OT:script=latn;language=dflt;+smcp;mapping=tex-text;"
(fontspec)             - 'italic' (m/it) with NFSS spec.: <->s*[1]"Calibri
(fontspec)             Italic/OT:script=latn;language=dflt;mapping=tex-text;"
(fontspec)             - 'italic small caps'  (m/scit) with NFSS spec.:
(fontspec)             <->s*[1]"Calibri
(fontspec)             Italic/OT:script=latn;language=dflt;+smcp;mapping=tex-text;"
(fontspec)             - 'bold italic' (b/it) with NFSS spec.:
(fontspec)             <->s*[1]"Calibri Bold
(fontspec)             Italic/OT:script=latn;language=dflt;mapping=tex-text;"
(fontspec)             - 'bold italic small caps'  (b/scit) with NFSS spec.:
(fontspec)             <->s*[1]"Calibri Bold
(fontspec)             Italic/OT:script=latn;language=dflt;+smcp;mapping=tex-text;"


Package fontspec Info: 
(fontspec)             Calibri scale = 0.9561625419003634.


Package fontspec Info: 
(fontspec)             Calibri scale = 0.9561625419003634.


Package fontspec Info: 
(fontspec)             Calibri scale = 0.9561625419003634.


Package fontspec Info: 
(fontspec)             Calibri Bold scale = 0.9471974077322118.


Package fontspec Info: 
(fontspec)             Calibri Bold scale = 0.9471974077322118.


Package fontspec Info: 
(fontspec)             Calibri Italic scale = 0.950166103049497.


Package fontspec Info: 
(fontspec)             Calibri Italic scale = 0.950166103049497.


Package fontspec Info: 
(fontspec)             Calibri Bold Italic scale = 0.9471974077322118.


Package fontspec Info: 
(fontspec)             Calibri Bold Italic scale = 0.9471974077322118.


Package fontspec Info: 
(fontspec)             Font family 'Calibri(1)' created for font 'Calibri'
(fontspec)             with options [Scale=MatchLowercase,BoldFont = Calibri
(fontspec)             Bold,ItalicFont = Calibri Italic,BoldItalicFont =
(fontspec)             Calibri Bold Italic].
(fontspec)              
(fontspec)              This font family consists of the following NFSS
(fontspec)             series/shapes:
(fontspec)              
(fontspec)             - 'normal' (m/n) with NFSS spec.:
(fontspec)             <->s*[0.9561625419003634]"Calibri/OT:script=latn;language=dflt;"
(fontspec)             - 'small caps'  (m/sc) with NFSS spec.:
(fontspec)             <->s*[0.9561625419003634]"Calibri/OT:script=latn;language=dflt;+smcp;"
(fontspec)             - 'bold' (b/n) with NFSS spec.:
(fontspec)             <->s*[0.9471974077322118]"Calibri
(fontspec)             Bold/OT:script=latn;language=dflt;"
(fontspec)             - 'bold small caps'  (b/sc) with NFSS spec.:
(fontspec)             <->s*[0.9471974077322118]"Calibri
(fontspec)             Bold/OT:script=latn;language=dflt;+smcp;"
(fontspec)             - 'italic' (m/it) with NFSS spec.:
(fontspec)             <->s*[0.950166103049497]"Calibri
(fontspec)             Italic/OT:script=latn;language=dflt;"
(fontspec)             - 'italic small caps'  (m/scit) with NFSS spec.:
(fontspec)             <->s*[0.950166103049497]"Calibri
(fontspec)             Italic/OT:script=latn;language=dflt;+smcp;"
(fontspec)             - 'bold italic' (b/it) with NFSS spec.:
(fontspec)             <->s*[0.9471974077322118]"Calibri Bold
(fontspec)             Italic/OT:script=latn;language=dflt;"
(fontspec)             - 'bold italic small caps'  (b/scit) with NFSS spec.:
(fontspec)             <->s*[0.9471974077322118]"Calibri Bold
(fontspec)             Italic/OT:script=latn;language=dflt;+smcp;"

LaTeX Font Info:    Overwriting math alphabet `\mathrm' in version `normal'
(Font)                  OT1/lmr/m/n --> TU/Calibri(1)/m/n on input line 20.
LaTeX Font Info:    Overwriting math alphabet `\mathit' in version `normal'
(Font)                  OT1/lmr/m/it --> TU/Calibri(1)/m/it on input line 20.
LaTeX Font Info:    Overwriting math alphabet `\mathbf' in version `normal'
(Font)                  OT1/lmr/bx/n --> TU/Calibri(1)/b/n on input line 20.

Package fontspec Info: 
(fontspec)             Calibri scale = 0.9561625419003634.


Package fontspec Info: 
(fontspec)             Calibri scale = 0.9561625419003634.


Package fontspec Info: 
(fontspec)             Calibri scale = 0.9561625419003634.


Package fontspec Info: 
(fontspec)             Calibri/B scale = 0.9471974077322118.


Package fontspec Info: 
(fontspec)             Calibri/B scale = 0.9471974077322118.


Package fontspec Info: 
(fontspec)             Calibri/I scale = 0.950166103049497.


Package fontspec Info: 
(fontspec)             Calibri/I scale = 0.950166103049497.


Package fontspec Info: 
(fontspec)             Calibri/BI scale = 0.9471974077322118.


Package fontspec Info: 
(fontspec)             Calibri/BI scale = 0.9471974077322118.


Package fontspec Info: 
(fontspec)             Font family 'Calibri(2)' created for font 'Calibri'
(fontspec)             with options [Scale=MatchLowercase,Ligatures=TeX].
(fontspec)              
(fontspec)              This font family consists of the following NFSS
(fontspec)             series/shapes:
(fontspec)              
(fontspec)             - 'normal' (m/n) with NFSS spec.:
(fontspec)             <->s*[0.9561625419003634]"Calibri/OT:script=latn;language=dflt;mapping=tex-text;"
(fontspec)             - 'small caps'  (m/sc) with NFSS spec.:
(fontspec)             <->s*[0.9561625419003634]"Calibri/OT:script=latn;language=dflt;+smcp;mapping=tex-text;"
(fontspec)             - 'bold' (b/n) with NFSS spec.:
(fontspec)             <->s*[0.9471974077322118]"Calibri/B/OT:script=latn;language=dflt;mapping=tex-text;"
(fontspec)             - 'bold small caps'  (b/sc) with NFSS spec.:
(fontspec)             <->s*[0.9471974077322118]"Calibri/B/OT:script=latn;language=dflt;+smcp;mapping=tex-text;"
(fontspec)             - 'italic' (m/it) with NFSS spec.:
(fontspec)             <->s*[0.950166103049497]"Calibri/I/OT:script=latn;language=dflt;mapping=tex-text;"
(fontspec)             - 'italic small caps'  (m/scit) with NFSS spec.:
(fontspec)             <->s*[0.950166103049497]"Calibri/I/OT:script=latn;language=dflt;+smcp;mapping=tex-text;"
(fontspec)             - 'bold italic' (b/it) with NFSS spec.:
(fontspec)             <->s*[0.9471974077322118]"Calibri/BI/OT:script=latn;language=dflt;mapping=tex-text;"
(fontspec)             - 'bold italic small caps'  (b/scit) with NFSS spec.:
(fontspec)             <->s*[0.9471974077322118]"Calibri/BI/OT:script=latn;language=dflt;+smcp;mapping=tex-text;"

LaTeX Font Info:    Font shape `TU/Calibri(2)/m/n' will be
(Font)              scaled to size 10.46996pt on input line 22.

Package fontspec Info: 
(fontspec)             Calibri scale = 0.9561595409790805.


Package fontspec Info: 
(fontspec)             Calibri scale = 0.9561595409790805.


Package fontspec Info: 
(fontspec)             Calibri scale = 0.9561595409790805.


Package fontspec Info: 
(fontspec)             Calibri/B scale = 0.9471944349480507.


Package fontspec Info: 
(fontspec)             Calibri/B scale = 0.9471944349480507.


Package fontspec Info: 
(fontspec)             Calibri/I scale = 0.9501631209480697.


Package fontspec Info: 
(fontspec)             Calibri/I scale = 0.9501631209480697.


Package fontspec Info: 
(fontspec)             Calibri/BI scale = 0.9471944349480507.


Package fontspec Info: 
(fontspec)             Calibri/BI scale = 0.9471944349480507.


Package fontspec Info: 
(fontspec)             Font family 'Calibri(3)' created for font 'Calibri'
(fontspec)             with options [Scale=MatchLowercase].
(fontspec)              
(fontspec)              This font family consists of the following NFSS
(fontspec)             series/shapes:
(fontspec)              
(fontspec)             - 'normal' (m/n) with NFSS spec.:
(fontspec)             <->s*[0.9561595409790805]"Calibri/OT:script=latn;language=dflt;"
(fontspec)             - 'small caps'  (m/sc) with NFSS spec.:
(fontspec)             <->s*[0.9561595409790805]"Calibri/OT:script=latn;language=dflt;+smcp;"
(fontspec)             - 'bold' (b/n) with NFSS spec.:
(fontspec)             <->s*[0.9471944349480507]"Calibri/B/OT:script=latn;language=dflt;"
(fontspec)             - 'bold small caps'  (b/sc) with NFSS spec.:
(fontspec)             <->s*[0.9471944349480507]"Calibri/B/OT:script=latn;language=dflt;+smcp;"
(fontspec)             - 'italic' (m/it) with NFSS spec.:
(fontspec)             <->s*[0.9501631209480697]"Calibri/I/OT:script=latn;language=dflt;"
(fontspec)             - 'italic small caps'  (m/scit) with NFSS spec.:
(fontspec)             <->s*[0.9501631209480697]"Calibri/I/OT:script=latn;language=dflt;+smcp;"
(fontspec)             - 'bold italic' (b/it) with NFSS spec.:
(fontspec)             <->s*[0.9471944349480507]"Calibri/BI/OT:script=latn;language=dflt;"
(fontspec)             - 'bold italic small caps'  (b/scit) with NFSS spec.:
(fontspec)             <->s*[0.9471944349480507]"Calibri/BI/OT:script=latn;language=dflt;+smcp;"

LaTeX Font Info:    Overwriting math alphabet `\mathsf' in version `normal'
(Font)                  OT1/lmss/m/n --> TU/Calibri(3)/m/n on input line 22.
LaTeX Font Info:    Overwriting math alphabet `\mathsf' in version `bold'
(Font)                  OT1/lmss/bx/n --> TU/Calibri(3)/b/n on input line 22.

Package fontspec Info: 
(fontspec)             Courier New scale = 1.050008732991264.


Package fontspec Info: 
(fontspec)             Courier New scale = 1.050008732991264.


Package fontspec Info: 
(fontspec)             Courier New/B scale = 1.001439509183943.


Package fontspec Info: 
(fontspec)             Courier New/I scale = 1.050008732991264.


Package fontspec Info: 
(fontspec)             Courier New/BI scale = 1.001439509183943.


Package fontspec Info: 
(fontspec)             Font family 'CourierNew(0)' created for font 'Courier
(fontspec)             New' with options
(fontspec)             [Scale=MatchLowercase,WordSpace={1,0,0},HyphenChar=None,PunctuationSpace=WordSpace].
(fontspec)              
(fontspec)              This font family consists of the following NFSS
(fontspec)             series/shapes:
(fontspec)              
(fontspec)             - 'normal' (m/n) with NFSS spec.:
(fontspec)             <->s*[1.050008732991264]"Courier
(fontspec)             New/OT:script=latn;language=dflt;"
(fontspec)             - 'bold' (b/n) with NFSS spec.:
(fontspec)             <->s*[1.001439509183943]"Courier
(fontspec)             New/B/OT:script=latn;language=dflt;"
(fontspec)             - 'italic' (m/it) with NFSS spec.:
(fontspec)             <->s*[1.050008732991264]"Courier
(fontspec)             New/I/OT:script=latn;language=dflt;"
(fontspec)             - 'bold italic' (b/it) with NFSS spec.:
(fontspec)             <->s*[1.001439509183943]"Courier
(fontspec)             New/BI/OT:script=latn;language=dflt;"


Package fontspec Info: 
(fontspec)             Courier New scale = 1.050008732991264.


Package fontspec Info: 
(fontspec)             Courier New scale = 1.050008732991264.


Package fontspec Info: 
(fontspec)             Courier New/B scale = 1.001439509183943.


Package fontspec Info: 
(fontspec)             Courier New/I scale = 1.050008732991264.


Package fontspec Info: 
(fontspec)             Courier New/BI scale = 1.001439509183943.


Package fontspec Info: 
(fontspec)             Font family 'CourierNew(1)' created for font 'Courier
(fontspec)             New' with options [Scale=MatchLowercase].
(fontspec)              
(fontspec)              This font family consists of the following NFSS
(fontspec)             series/shapes:
(fontspec)              
(fontspec)             - 'normal' (m/n) with NFSS spec.:
(fontspec)             <->s*[1.050008732991264]"Courier
(fontspec)             New/OT:script=latn;language=dflt;"
(fontspec)             - 'bold' (b/n) with NFSS spec.:
(fontspec)             <->s*[1.001439509183943]"Courier
(fontspec)             New/B/OT:script=latn;language=dflt;"
(fontspec)             - 'italic' (m/it) with NFSS spec.:
(fontspec)             <->s*[1.050008732991264]"Courier
(fontspec)             New/I/OT:script=latn;language=dflt;"
(fontspec)             - 'bold italic' (b/it) with NFSS spec.:
(fontspec)             <->s*[1.001439509183943]"Courier
(fontspec)             New/BI/OT:script=latn;language=dflt;"

LaTeX Font Info:    Overwriting math alphabet `\mathtt' in version `normal'
(Font)                  OT1/lmtt/m/n --> TU/CourierNew(1)/m/n on input line 23.
LaTeX Font Info:    Overwriting math alphabet `\mathtt' in version `bold'
(Font)                  OT1/lmtt/m/n --> TU/CourierNew(1)/b/n on input line 23.
(c:/Users/wrgar/AppData/Roaming/TinyTeX/texmf-dist/tex/latex/booktabs/booktabs.sty
Package: booktabs 2020/01/12 v1.61803398 Publication quality tables
\heavyrulewidth=\dimen312
\lightrulewidth=\dimen313
\cmidrulewidth=\dimen314
\belowrulesep=\dimen315
\belowbottomsep=\dimen316
\aboverulesep=\dimen317
\abovetopsep=\dimen318
\cmidrulesep=\dimen319
\cmidrulekern=\dimen320
\defaultaddspace=\dimen321
\@cmidla=\count386
\@cmidlb=\count387
\@aboverulesep=\dimen322
\@belowrulesep=\dimen323
\@thisruleclass=\count388
\@lastruleclass=\count389
\@thisrulewidth=\dimen324
) (c:/Users/wrgar/AppData/Roaming/TinyTeX/texmf-dist/tex/generic/soul/soul.sty
Package: soul 2026-03-06 v3.2 Permit use of UTF-8 characters in soul (HO)
(c:/Users/wrgar/AppData/Roaming/TinyTeX/texmf-dist/tex/generic/soul/soul-ori.sty
Package: soul-ori 2026-03-06 v3.2 letterspacing/underlining (mf)
\SOUL@word=\toks48
\SOUL@lasttoken=\toks49
\SOUL@syllable=\toks50
\SOUL@cmds=\toks51
\SOUL@buffer=\toks52
\SOUL@token=\toks53
\SOUL@syllgoal=\dimen325
\SOUL@syllwidth=\dimen326
\SOUL@charkern=\dimen327
\SOUL@hyphkern=\dimen328
\SOUL@dimen=\dimen329
\SOUL@dimeni=\dimen330
\SOUL@minus=\count390
\SOUL@comma=\count391
\SOUL@apo=\count392
\SOUL@grave=\count393
\SOUL@spaceskip=\skip71
\SOUL@ttwidth=\dimen331
\SOUL@uldp=\dimen332
\SOUL@ulht=\dimen333
) (c:/Users/wrgar/AppData/Roaming/TinyTeX/texmf-dist/tex/generic/etexcmds/etexcmds.sty
Package: etexcmds 2019/12/15 v1.7 Avoid name clashes with e-TeX commands (HO)
)) (c:/Users/wrgar/AppData/Roaming/TinyTeX/texmf-dist/tex/latex/colortbl/colortbl.sty
Package: colortbl 2026/05/01 v1.0l Color table columns (DPC)
(c:/Users/wrgar/AppData/Roaming/TinyTeX/texmf-dist/tex/latex/tools/array.sty
Package: array 2025/09/25 v2.6n Tabular extension package (FMi)
\col@sep=\dimen334
\ar@mcellbox=\box81
\extrarowheight=\dimen335
\NC@list=\toks54
\extratabsurround=\skip72
\backup@length=\skip73
\ar@cellbox=\box82
)
\everycr=\toks55
\minrowclearance=\skip74
\rownum=\count394
) (c:/Users/wrgar/AppData/Roaming/TinyTeX/texmf-dist/tex/latex/ragged2e/ragged2e.sty
Package: ragged2e 2023/06/22 v3.6 ragged2e Package
\CenteringLeftskip=\skip75
\RaggedLeftLeftskip=\skip76
\RaggedRightLeftskip=\skip77
\CenteringRightskip=\skip78
\RaggedLeftRightskip=\skip79
\RaggedRightRightskip=\skip80
\CenteringParfillskip=\skip81
\RaggedLeftParfillskip=\skip82
\RaggedRightParfillskip=\skip83
\JustifyingParfillskip=\skip84
\CenteringParindent=\skip85
\RaggedLeftParindent=\skip86
\RaggedRightParindent=\skip87
\JustifyingParindent=\skip88
) (c:/Users/wrgar/AppData/Roaming/TinyTeX/texmf-dist/tex/latex/tools/longtable.sty
Package: longtable 2025-10-13 v4.24 Multi-page Table package (DPC)
\LTleft=\skip89
\LTright=\skip90
\LTpre=\skip91
\LTpost=\skip92
\LTchunksize=\count395
\LTcapwidth=\dimen336
\LT@head=\box83
\LT@firsthead=\box84
\LT@foot=\box85
\LT@lastfoot=\box86
\LT@gbox=\box87
\LT@cols=\count396
\LT@rows=\count397
\c@LT@tables=\count398
\c@LT@chunks=\count399
\LT@p@ftn=\toks56
) (c:/Users/wrgar/AppData/Roaming/TinyTeX/texmf-dist/tex/latex/tabu/tabu.sty
Package: tabu 2019/01/11 v2.9 - flexible LaTeX tabulars (FC+tabu-fixed)
(c:/Users/wrgar/AppData/Roaming/TinyTeX/texmf-dist/tex/latex/varwidth/varwidth.sty
Package: varwidth 2009/03/30 ver 0.92;  Variable-width minipages
\@vwid@box=\box88
\sift@deathcycles=\count400
\@vwid@loff=\dimen337
\@vwid@roff=\dimen338
)
==> First Aid for varwidth.sty applied!
\c@taburow=\count401
\tabu@nbcols=\count402
\tabu@cnt=\count403
\tabu@Xcol=\count404
\tabu@alloc=\count405
\tabu@nested=\count406
\tabu@target=\dimen339
\tabu@spreadtarget=\dimen340
\tabu@naturalX=\dimen341
\tabucolX=\dimen342
\tabu@Xsum=\dimen343
\extrarowdepth=\dimen344
\abovetabulinesep=\dimen345
\belowtabulinesep=\dimen346
\tabustrutrule=\dimen347
\tabu@thebody=\toks57
\tabu@footnotes=\toks58
\tabu@box=\box89
\tabu@arstrutbox=\box90
\tabu@hleads=\box91
\tabu@vleads=\box92
\tabu@cellskip=\skip93
) (c:/Users/wrgar/AppData/Roaming/TinyTeX/texmf-dist/tex/latex/pgf/frontendlayer/tikz.sty (c:/Users/wrgar/AppData/Roaming/TinyTeX/texmf-dist/tex/latex/pgf/basiclayer/pgf.sty
Package: pgf 2025-08-29 v3.1.11a (3.1.11a)
(c:/Users/wrgar/AppData/Roaming/TinyTeX/texmf-dist/tex/generic/pgf/modules/pgfmoduleshapes.code.tex
File: pgfmoduleshapes.code.tex 2025-08-29 v3.1.11a (3.1.11a)
\pgfnodeparttextbox=\box93
) (c:/Users/wrgar/AppData/Roaming/TinyTeX/texmf-dist/tex/generic/pgf/modules/pgfmoduleplot.code.tex
File: pgfmoduleplot.code.tex 2025-08-29 v3.1.11a (3.1.11a)
) (c:/Users/wrgar/AppData/Roaming/TinyTeX/texmf-dist/tex/latex/pgf/compatibility/pgfcomp-version-0-65.sty
Package: pgfcomp-version-0-65 2025-08-29 v3.1.11a (3.1.11a)
\pgf@nodesepstart=\dimen348
\pgf@nodesepend=\dimen349
) (c:/Users/wrgar/AppData/Roaming/TinyTeX/texmf-dist/tex/latex/pgf/compatibility/pgfcomp-version-1-18.sty
Package: pgfcomp-version-1-18 2025-08-29 v3.1.11a (3.1.11a)
)) (c:/Users/wrgar/AppData/Roaming/TinyTeX/texmf-dist/tex/latex/pgf/utilities/pgffor.sty (c:/Users/wrgar/AppData/Roaming/TinyTeX/texmf-dist/tex/generic/pgf/utilities/pgffor.code.tex
Package: pgffor 2025-08-29 v3.1.11a (3.1.11a)
\pgffor@iter=\dimen350
\pgffor@skip=\dimen351
\pgffor@stack=\toks59
\pgffor@toks=\toks60
)) (c:/Users/wrgar/AppData/Roaming/TinyTeX/texmf-dist/tex/generic/pgf/frontendlayer/tikz/tikz.code.tex
Package: tikz 2025-08-29 v3.1.11a (3.1.11a)
(c:/Users/wrgar/AppData/Roaming/TinyTeX/texmf-dist/tex/generic/pgf/libraries/pgflibraryplothandlers.code.tex
File: pgflibraryplothandlers.code.tex 2025-08-29 v3.1.11a (3.1.11a)
\pgf@plot@mark@count=\count407
\pgfplotmarksize=\dimen352
)
\tikz@lastx=\dimen353
\tikz@lasty=\dimen354
\tikz@lastxsaved=\dimen355
\tikz@lastysaved=\dimen356
\tikz@lastmovetox=\dimen357
\tikz@lastmovetoy=\dimen358
\tikzleveldistance=\dimen359
\tikzsiblingdistance=\dimen360
\tikz@figbox=\box94
\tikz@figbox@bg=\box95
\tikz@tempbox=\box96
\tikz@tempbox@bg=\box97
\tikztreelevel=\count408
\tikznumberofchildren=\count409
\tikznumberofcurrentchild=\count410
\tikz@fig@count=\count411
(c:/Users/wrgar/AppData/Roaming/TinyTeX/texmf-dist/tex/generic/pgf/modules/pgfmodulematrix.code.tex
File: pgfmodulematrix.code.tex 2025-08-29 v3.1.11a (3.1.11a)
\pgfmatrixcurrentrow=\count412
\pgfmatrixcurrentcolumn=\count413
\pgf@matrix@numberofcolumns=\count414
)
\tikz@expandcount=\count415
(c:/Users/wrgar/AppData/Roaming/TinyTeX/texmf-dist/tex/generic/pgf/frontendlayer/tikz/libraries/tikzlibrarytopaths.code.tex
File: tikzlibrarytopaths.code.tex 2025-08-29 v3.1.11a (3.1.11a)
))) (c:/Users/wrgar/AppData/Roaming/TinyTeX/texmf-dist/tex/latex/biblatex/biblatex.sty
Package: biblatex 2025/07/10 v3.21 programmable bibliographies (PK/MW)
(c:/Users/wrgar/AppData/Roaming/TinyTeX/texmf-dist/tex/latex/logreq/logreq.sty
Package: logreq 2010/08/04 v1.0 xml request logger
\lrq@indent=\count416
(c:/Users/wrgar/AppData/Roaming/TinyTeX/texmf-dist/tex/latex/logreq/logreq.def
File: logreq.def 2010/08/04 v1.0 logreq spec v1.0
)) (c:/Users/wrgar/AppData/Roaming/TinyTeX/texmf-dist/tex/latex/base/ifthen.sty
Package: ifthen 2024/03/16 v1.1e Standard LaTeX ifthen package (DPC)
)
\c@tabx@nest=\count417
\c@listtotal=\count418
\c@listcount=\count419
\c@liststart=\count420
\c@liststop=\count421
\c@citecount=\count422
\c@citetotal=\count423
\c@multicitecount=\count424
\c@multicitetotal=\count425
\c@instcount=\count426
\c@maxnames=\count427
\c@minnames=\count428
\c@maxitems=\count429
\c@minitems=\count430
\c@citecounter=\count431
\c@maxcitecounter=\count432
\c@savedcitecounter=\count433
\c@uniquelist=\count434
\c@uniquename=\count435
\c@refsection=\count436
\c@refsegment=\count437
\c@maxextratitle=\count438
\c@maxextratitleyear=\count439
\c@maxextraname=\count440
\c@maxextradate=\count441
\c@maxextraalpha=\count442
\c@abbrvpenalty=\count443
\c@highnamepenalty=\count444
\c@lownamepenalty=\count445
\c@maxparens=\count446
\c@parenlevel=\count447
\blx@tempcnta=\count448
\blx@tempcntb=\count449
\blx@tempcntc=\count450
\c@blx@maxsection=\count451
\blx@maxsegment@0=\count452
\blx@notetype=\count453
\blx@parenlevel@text=\count454
\blx@parenlevel@foot=\count455
\blx@sectionciteorder@0=\count456
\blx@sectionciteorderinternal@0=\count457
\blx@entrysetcounter=\count458
\blx@biblioinstance=\count459
\labelnumberwidth=\skip94
\labelalphawidth=\skip95
\biblabelsep=\skip96
\bibitemsep=\skip97
\bibnamesep=\skip98
\bibinitsep=\skip99
\bibparsep=\skip100
\bibhang=\skip101
\blx@bcfin=\read3
\blx@bcfout=\write5
\blx@langwohyphens=\language3
\c@mincomprange=\count460
\c@maxcomprange=\count461
\c@mincompwidth=\count462
Package biblatex Info: Trying to load biblatex default data model...
Package biblatex Info: ... file 'blx-dm.def' found.
(c:/Users/wrgar/AppData/Roaming/TinyTeX/texmf-dist/tex/latex/biblatex/blx-dm.def
File: blx-dm.def 2025/07/10 v3.21 biblatex datamodel (PK/MW)
)
Package biblatex Info: Trying to load biblatex style data model...
Package biblatex Info: ... file 'authoryear.dbx' not found.
Package biblatex Info: Trying to load biblatex custom data model...
Package biblatex Info: ... file 'biblatex-dm.cfg' not found.
\c@afterword=\count463
\c@savedafterword=\count464
\c@annotator=\count465
\c@savedannotator=\count466
\c@author=\count467
\c@savedauthor=\count468
\c@bookauthor=\count469
\c@savedbookauthor=\count470
\c@commentator=\count471
\c@savedcommentator=\count472
\c@editor=\count473
\c@savededitor=\count474
\c@editora=\count475
\c@savededitora=\count476
\c@editorb=\count477
\c@savededitorb=\count478
\c@editorc=\count479
\c@savededitorc=\count480
\c@foreword=\count481
\c@savedforeword=\count482
\c@holder=\count483
\c@savedholder=\count484
\c@introduction=\count485
\c@savedintroduction=\count486
\c@namea=\count487
\c@savednamea=\count488
\c@nameb=\count489
\c@savednameb=\count490
\c@namec=\count491
\c@savednamec=\count492
\c@translator=\count493
\c@savedtranslator=\count494
\c@shortauthor=\count495
\c@savedshortauthor=\count496
\c@shorteditor=\count497
\c@savedshorteditor=\count498
\c@labelname=\count499
\c@savedlabelname=\count500
\c@institution=\count501
\c@savedinstitution=\count502
\c@lista=\count503
\c@savedlista=\count504
\c@listb=\count505
\c@savedlistb=\count506
\c@listc=\count507
\c@savedlistc=\count508
\c@listd=\count509
\c@savedlistd=\count510
\c@liste=\count511
\c@savedliste=\count512
\c@listf=\count513
\c@savedlistf=\count514
\c@location=\count515
\c@savedlocation=\count516
\c@organization=\count517
\c@savedorganization=\count518
\c@origlocation=\count519
\c@savedoriglocation=\count520
\c@origpublisher=\count521
\c@savedorigpublisher=\count522
\c@publisher=\count523
\c@savedpublisher=\count524
\c@language=\count525
\c@savedlanguage=\count526
\c@origlanguage=\count527
\c@savedoriglanguage=\count528
\c@pageref=\count529
\c@savedpageref=\count530
\shorthandwidth=\skip102
\shortjournalwidth=\skip103
\shortserieswidth=\skip104
\shorttitlewidth=\skip105
\shortauthorwidth=\skip106
\shorteditorwidth=\skip107
\locallabelnumberwidth=\skip108
\locallabelalphawidth=\skip109
\localshorthandwidth=\skip110
\localshortjournalwidth=\skip111
\localshortserieswidth=\skip112
\localshorttitlewidth=\skip113
\localshortauthorwidth=\skip114
\localshorteditorwidth=\skip115
Package biblatex Info: Trying to load enhanced support for Unicode engines...
Package biblatex Info: ... file 'blx-unicode.def' found.
(c:/Users/wrgar/AppData/Roaming/TinyTeX/texmf-dist/tex/latex/biblatex/blx-unicode.def)
Package biblatex Info: Trying to load compatibility code...
Package biblatex Info: ... file 'blx-compat.def' found.
(c:/Users/wrgar/AppData/Roaming/TinyTeX/texmf-dist/tex/latex/biblatex/blx-compat.def
File: blx-compat.def 2025/07/10 v3.21 biblatex compatibility (PK/MW)
)
Package biblatex Info: Trying to load generic definitions...
Package biblatex Info: ... file 'biblatex.def' found.
(c:/Users/wrgar/AppData/Roaming/TinyTeX/texmf-dist/tex/latex/biblatex/biblatex.def
File: biblatex.def 2025/07/10 v3.21 biblatex compatibility (PK/MW)
\c@textcitecount=\count531
\c@textcitetotal=\count532
\c@textcitemaxnames=\count533
\c@biburlbigbreakpenalty=\count534
\c@biburlbreakpenalty=\count535
\c@biburlnumpenalty=\count536
\c@biburlucpenalty=\count537
\c@biburllcpenalty=\count538
\biburlbigskip=\muskip20
\biburlnumskip=\muskip21
\biburlucskip=\muskip22
\biburllcskip=\muskip23
\c@smartand=\count539
)
Package biblatex Info: Trying to load bibliography style 'authoryear'...
Package biblatex Info: ... file 'authoryear.bbx' found.
(c:/Users/wrgar/AppData/Roaming/TinyTeX/texmf-dist/tex/latex/biblatex/bbx/authoryear.bbx
File: authoryear.bbx 2025/07/10 v3.21 biblatex bibliography style (PK/MW)
Package biblatex Info: Trying to load bibliography style 'standard'...
Package biblatex Info: ... file 'standard.bbx' found.
(c:/Users/wrgar/AppData/Roaming/TinyTeX/texmf-dist/tex/latex/biblatex/bbx/standard.bbx
File: standard.bbx 2025/07/10 v3.21 biblatex bibliography style (PK/MW)
\c@bbx:relatedcount=\count540
\c@bbx:relatedtotal=\count541
))
Package biblatex Info: Trying to load citation style 'authoryear'...
Package biblatex Info: ... file 'authoryear.cbx' found.
(c:/Users/wrgar/AppData/Roaming/TinyTeX/texmf-dist/tex/latex/biblatex/cbx/authoryear.cbx
File: authoryear.cbx 2025/07/10 v3.21 biblatex citation style (PK/MW)
Package biblatex Info: Redefining '\cite'.
Package biblatex Info: Redefining '\parencite'.
Package biblatex Info: Redefining '\footcite'.
Package biblatex Info: Redefining '\footcitetext'.
Package biblatex Info: Redefining '\smartcite'.
Package biblatex Info: Redefining '\textcite'.
Package biblatex Info: Redefining '\textcites'.
)
Package biblatex Info: Trying to load configuration file...
Package biblatex Info: ... file 'biblatex.cfg' found.
(c:/Users/wrgar/AppData/Roaming/TinyTeX/texmf-dist/tex/latex/biblatex/biblatex.cfg
File: biblatex.cfg 
)
Package biblatex Info: XeTeX detected.
(biblatex)             Assuming input encoding 'utf8'.
Package biblatex Info: Document encoding is UTF8 ....
Package biblatex Info: ... and expl3
(biblatex)             2026-05-15 L3 programming layer (loader) 
(biblatex)             is new enough (at least 2020/04/06),
(biblatex)             setting 'casechanger=expl3'.
(c:/Users/wrgar/AppData/Roaming/TinyTeX/texmf-dist/tex/latex/biblatex/blx-case-expl3.sty
Package: blx-case-expl3 2025/07/10 v3.21 expl3 case changing code for biblatex
))) (c:/Users/wrgar/AppData/Roaming/TinyTeX/texmf-dist/tex/latex/multirow/multirow.sty
Package: multirow 2024/11/12 v2.9 Span multiple rows of a table
\multirow@colwidth=\skip116
\multirow@cntb=\count542
\multirow@dima=\skip117
\bigstrutjot=\dimen361
) (c:/Users/wrgar/AppData/Roaming/TinyTeX/texmf-dist/tex/latex/wrapfig/wrapfig.sty
\wrapoverhang=\dimen362
\WF@size=\dimen363
\c@WF@wrappedlines=\count543
\WF@box=\box98
\WF@everypar=\toks61
Package: wrapfig 2003/01/31  v 3.6
) (c:/Users/wrgar/AppData/Roaming/TinyTeX/texmf-dist/tex/latex/float/float.sty
Package: float 2001/11/08 v1.3d Float enhancements (AL)
\c@float@type=\count544
\float@exts=\toks62
\float@box=\box99
\@float@everytoks=\toks63
\@floatcapt=\box100
) (c:/Users/wrgar/AppData/Roaming/TinyTeX/texmf-dist/tex/latex/pdflscape/pdflscape.sty
Package: pdflscape 2025-06-23 v0.14 Display of landscape pages in PDF
(c:/Users/wrgar/AppData/Roaming/TinyTeX/texmf-dist/tex/latex/pdflscape/pdflscape-nometadata.sty
Package: pdflscape-nometadata 2025-06-23 v0.14 Display of landscape pages in PDF (HO)
(c:/Users/wrgar/AppData/Roaming/TinyTeX/texmf-dist/tex/latex/graphics/lscape.sty
Package: lscape 2020/05/28 v3.02 Landscape Pages (DPC)
)
Package pdflscape Info: Auto-detected driver: dvipdfm (xetex) on input line 98.
)) (c:/Users/wrgar/AppData/Roaming/TinyTeX/texmf-dist/tex/latex/threeparttable/threeparttable.sty
Package: threeparttable 2003/06/13  v 3.0
\@tempboxb=\box101
) (c:/Users/wrgar/AppData/Roaming/TinyTeX/texmf-dist/tex/latex/threeparttablex/threeparttablex.sty
Package: threeparttablex 2013/07/23 v0.3 by daleif
(c:/Users/wrgar/AppData/Roaming/TinyTeX/texmf-dist/tex/latex/environ/environ.sty
Package: environ 2014/05/04 v0.3 A new way to define environments
(c:/Users/wrgar/AppData/Roaming/TinyTeX/texmf-dist/tex/latex/trimspaces/trimspaces.sty
Package: trimspaces 2009/09/17 v1.1 Trim spaces around a token list
))
\TPTL@width=\skip118
) (c:/Users/wrgar/AppData/Roaming/TinyTeX/texmf-dist/tex/generic/ulem/ulem.sty
\UL@box=\box102
\UL@hyphenbox=\box103
\UL@skip=\skip119
\UL@hook=\toks64
\UL@height=\dimen364
\UL@pe=\count545
\UL@pixel=\dimen365
\ULC@box=\box104
Package: ulem 2019/11/18
\ULdepth=\dimen366
) (c:/Users/wrgar/AppData/Roaming/TinyTeX/texmf-dist/tex/latex/makecell/makecell.sty
Package: makecell 2009/08/03 V0.1e Managing of Tab Column Heads and Cells
\rotheadsize=\dimen367
\c@nlinenum=\count546
\TeXr@lab=\toks65
) (c:/Users/wrgar/AppData/Roaming/TinyTeX/texmf-dist/tex/latex/bookmark/bookmark.sty
Package: bookmark 2026-05-21 v1.32 PDF bookmarks (HO)
(c:/Users/wrgar/AppData/Roaming/TinyTeX/texmf-dist/tex/latex/bookmark/bkm-xetex.def
File: bkm-xetex.def 2026-05-21 v1.32 bookmark driver for xetex (HO)
\BKM@id=\count547
))
\@quotelevel=\count548
\@quotereset=\count549

Package biblatex Warning: Conflicting options.
(biblatex)                '<namepart>inits' conflicts with 'uniquename=full'.
(biblatex)                Setting 'uniquename=init' on input line 111.

(./UWRTSL-sodium-policy.aux)
\openout1 = `UWRTSL-sodium-policy.aux'.

LaTeX Font Info:    Checking defaults for OML/cmm/m/it on input line 111.
LaTeX Font Info:    ... okay on input line 111.
LaTeX Font Info:    Checking defaults for OMS/cmsy/m/n on input line 111.
LaTeX Font Info:    ... okay on input line 111.
LaTeX Font Info:    Checking defaults for OT1/cmr/m/n on input line 111.
LaTeX Font Info:    ... okay on input line 111.
LaTeX Font Info:    Checking defaults for T1/cmr/m/n on input line 111.
LaTeX Font Info:    ... okay on input line 111.
LaTeX Font Info:    Checking defaults for TS1/cmr/m/n on input line 111.
LaTeX Font Info:    ... okay on input line 111.
LaTeX Font Info:    Checking defaults for TU/lmr/m/n on input line 111.
LaTeX Font Info:    ... okay on input line 111.
LaTeX Font Info:    Checking defaults for OMX/cmex/m/n on input line 111.
LaTeX Font Info:    ... okay on input line 111.
LaTeX Font Info:    Checking defaults for U/cmr/m/n on input line 111.
LaTeX Font Info:    ... okay on input line 111.
LaTeX Font Info:    Checking defaults for PD1/pdf/m/n on input line 111.
LaTeX Font Info:    ... okay on input line 111.
LaTeX Font Info:    Checking defaults for PU/pdf/m/n on input line 111.
LaTeX Font Info:    ... okay on input line 111.
*geometry* driver: auto-detecting
*geometry* detected driver: xetex
*geometry* verbose mode - [ preamble ] result:
* driver: xetex
* paper: custom
* layout: <same size as paper>
* layoutoffset:(h,v)=(0.0pt,0.0pt)
* modes: includehead includefoot 
* h-part:(L,W,R)=(28.45274pt, 398.3386pt, 28.45274pt)
* v-part:(T,H,B)=(0.0pt, 256.0748pt, 0.0pt)
* \paperwidth=455.24408pt
* \paperheight=256.0748pt
* \textwidth=398.3386pt
* \textheight=227.62207pt
* \oddsidemargin=-43.81725pt
* \evensidemargin=-43.81725pt
* \topmargin=-72.26999pt
* \headheight=14.22636pt
* \headsep=0.0pt
* \topskip=11.0pt
* \footskip=14.22636pt
* \marginparwidth=4.0pt
* \marginparsep=10.0pt
* \columnsep=10.0pt
* \skip\footins=10.0pt plus 4.0pt minus 2.0pt
* \hoffset=0.0pt
* \voffset=0.0pt
* \mag=1000
* \@twocolumnfalse
* \@twosidefalse
* \@mparswitchfalse
* \@reversemarginfalse
* (1in=72.27pt=25.4mm, 1cm=28.453pt)

Package hyperref Info: Link coloring OFF on input line 111.
(c:/Users/wrgar/AppData/Roaming/TinyTeX/texmf-dist/tex/latex/translator/translator-basic-dictionary-English.dict
Dictionary: translator-basic-dictionary, Language: English 
) (c:/Users/wrgar/AppData/Roaming/TinyTeX/texmf-dist/tex/latex/translator/translator-bibliography-dictionary-English.dict
Dictionary: translator-bibliography-dictionary, Language: English 
) (c:/Users/wrgar/AppData/Roaming/TinyTeX/texmf-dist/tex/latex/translator/translator-environment-dictionary-English.dict
Dictionary: translator-environment-dictionary, Language: English 
) (c:/Users/wrgar/AppData/Roaming/TinyTeX/texmf-dist/tex/latex/translator/translator-months-dictionary-English.dict
Dictionary: translator-months-dictionary, Language: English 
) (c:/Users/wrgar/AppData/Roaming/TinyTeX/texmf-dist/tex/latex/translator/translator-numbers-dictionary-English.dict
Dictionary: translator-numbers-dictionary, Language: English 
) (c:/Users/wrgar/AppData/Roaming/TinyTeX/texmf-dist/tex/latex/translator/translator-theorem-dictionary-English.dict
Dictionary: translator-theorem-dictionary, Language: English 
)

Package fontspec Info: 
(fontspec)             latinmodern-math scale = 1.030155676619409.


Package fontspec Info: 
(fontspec)             latinmodern-math scale = 1.030155676619409.


Package fontspec Info: 
(fontspec)             latinmodern-math scale = 1.030155676619409.


Package fontspec Info: 
(fontspec)             Font family 'latinmodern-math.otf(0)' created for font
(fontspec)             'latinmodern-math.otf' with options
(fontspec)             [Scale=MatchLowercase,BoldItalicFont={},ItalicFont={},SmallCapsFont={},Script=Math,BoldFont={latinmodern-math.otf}].
(fontspec)              
(fontspec)              This font family consists of the following NFSS
(fontspec)             series/shapes:
(fontspec)              
(fontspec)             - 'normal' (m/n) with NFSS spec.:
(fontspec)             <->s*[1.030155676619409]"[latinmodern-math.otf]/OT:script=math;language=dflt;"
(fontspec)             - 'bold' (b/n) with NFSS spec.:
(fontspec)             <->s*[1.030155676619409]"[latinmodern-math.otf]/OT:script=math;language=dflt;"

LaTeX Font Info:    Font shape `TU/latinmodern-math.otf(0)/m/n' will be
(Font)              scaled to size 11.28015pt on input line 111.

Package fontspec Info: 
(fontspec)             latinmodern-math scale = 1.030155676619409.


Package fontspec Info: 
(fontspec)             latinmodern-math scale = 1.030155676619409.


Package fontspec Info: 
(fontspec)             latinmodern-math scale = 1.030155676619409.


Package fontspec Info: 
(fontspec)             latinmodern-math scale = 1.030155676619409.


Package fontspec Info: 
(fontspec)             latinmodern-math scale = 1.030155676619409.


Package fontspec Info: 
(fontspec)             Font family 'latinmodern-math.otf(1)' created for font
(fontspec)             'latinmodern-math.otf' with options
(fontspec)             [Scale=MatchLowercase,BoldItalicFont={},ItalicFont={},SmallCapsFont={},Script=Math,SizeFeatures={{Size=9.3075-},{Size=6.57-9.3075,Font=latinmodern-math.otf,Style=MathScript},{Size=-6.57,Font=latinmodern-math.otf,Style=MathScriptScript}},BoldFont={latinmodern-math.otf}].
(fontspec)              
(fontspec)              This font family consists of the following NFSS
(fontspec)             series/shapes:
(fontspec)              
(fontspec)             - 'normal' (m/n) with NFSS spec.:
(fontspec)             <9.3075->s*[1.030155676619409]"[latinmodern-math.otf]/OT:script=math;language=dflt;"<6.57-9.3075>s*[1.030155676619409]"[latinmodern-math.otf]/OT:script=math;language=dflt;+ssty=0;"<-6.57>s*[1.030155676619409]"[latinmodern-math.otf]/OT:script=math;language=dflt;+ssty=1;"
(fontspec)             - 'bold' (b/n) with NFSS spec.:
(fontspec)             <->s*[1.030155676619409]"[latinmodern-math.otf]/OT:script=math;language=dflt;"

LaTeX Font Info:    Font shape `TU/latinmodern-math.otf(1)/m/n' will be
(Font)              scaled to size 11.28015pt on input line 111.
LaTeX Font Info:    Encoding `OT1' has changed to `TU' for symbol font
(Font)              `operators' in the math version `normal' on input line 111.
LaTeX Font Info:    Overwriting symbol font `operators' in version `normal'
(Font)                  OT1/lmr/m/n --> TU/latinmodern-math.otf(1)/m/n on input line 111.
LaTeX Font Info:    Encoding `OT1' has changed to `TU' for symbol font
(Font)              `operators' in the math version `bold' on input line 111.
LaTeX Font Info:    Overwriting symbol font `operators' in version `bold'
(Font)                  OT1/lmr/bx/n --> TU/latinmodern-math.otf(1)/b/n on input line 111.

Package fontspec Info: 
(fontspec)             latinmodern-math scale = 1.030155676619409.


Package fontspec Info: 
(fontspec)             latinmodern-math scale = 1.030258692187071.


Package fontspec Info: 
(fontspec)             latinmodern-math scale = 1.030155676619409.


Package fontspec Info: 
(fontspec)             latinmodern-math scale = 1.030258692187071.


Package fontspec Info: 
(fontspec)             latinmodern-math scale = 1.030155676619409.


Package fontspec Info: 
(fontspec)             latinmodern-math scale = 1.030258692187071.


Package fontspec Info: 
(fontspec)             latinmodern-math scale = 1.030155676619409.


Package fontspec Info: 
(fontspec)             latinmodern-math scale = 1.030258692187071.


Package fontspec Info: 
(fontspec)             latinmodern-math scale = 1.030155676619409.


Package fontspec Info: 
(fontspec)             latinmodern-math scale = 1.030258692187071.


Package fontspec Info: 
(fontspec)             Font family 'latinmodern-math.otf(2)' created for font
(fontspec)             'latinmodern-math.otf' with options
(fontspec)             [Scale=MatchLowercase,BoldItalicFont={},ItalicFont={},SmallCapsFont={},Script=Math,SizeFeatures={{Size=9.3075-},{Size=6.57-9.3075,Font=latinmodern-math.otf,Style=MathScript},{Size=-6.57,Font=latinmodern-math.otf,Style=MathScriptScript}},BoldFont={latinmodern-math.otf},ScaleAgain=1.0001,FontAdjustment={\fontdimen
(fontspec)             8\font =7.63666pt\relax \fontdimen 9\font
(fontspec)             =4.44438pt\relax \fontdimen 10\font =5.00839pt\relax
(fontspec)             \fontdimen 11\font =7.73819pt\relax \fontdimen 12\font
(fontspec)             =3.89165pt\relax \fontdimen 13\font =4.0947pt\relax
(fontspec)             \fontdimen 14\font =4.0947pt\relax \fontdimen 15\font
(fontspec)             =3.25996pt\relax \fontdimen 16\font =2.7862pt\relax
(fontspec)             \fontdimen 17\font =2.7862pt\relax \fontdimen 18\font
(fontspec)             =2.82004pt\relax \fontdimen 19\font =2.25603pt\relax
(fontspec)             \fontdimen 22\font =2.82004pt\relax \fontdimen 20\font
(fontspec)             =0pt\relax \fontdimen 21\font =0pt\relax }].
(fontspec)              
(fontspec)              This font family consists of the following NFSS
(fontspec)             series/shapes:
(fontspec)              
(fontspec)             - 'normal' (m/n) with NFSS spec.:
(fontspec)             <9.3075->s*[1.030258692187071]"[latinmodern-math.otf]/OT:script=math;language=dflt;"<6.57-9.3075>s*[1.030258692187071]"[latinmodern-math.otf]/OT:script=math;language=dflt;+ssty=0;"<-6.57>s*[1.030258692187071]"[latinmodern-math.otf]/OT:script=math;language=dflt;+ssty=1;"
(fontspec)             - 'bold' (b/n) with NFSS spec.:
(fontspec)             <->s*[1.030258692187071]"[latinmodern-math.otf]/OT:script=math;language=dflt;"

LaTeX Font Info:    Encoding `OMS' has changed to `TU' for symbol font
(Font)              `symbols' in the math version `normal' on input line 111.
LaTeX Font Info:    Overwriting symbol font `symbols' in version `normal'
(Font)                  OMS/lmsy/m/n --> TU/latinmodern-math.otf(2)/m/n on input line 111.
LaTeX Font Info:    Encoding `OMS' has changed to `TU' for symbol font
(Font)              `symbols' in the math version `bold' on input line 111.
LaTeX Font Info:    Overwriting symbol font `symbols' in version `bold'
(Font)                  OMS/lmsy/b/n --> TU/latinmodern-math.otf(2)/b/n on input line 111.

Package fontspec Info: 
(fontspec)             latinmodern-math scale = 1.030155676619409.


Package fontspec Info: 
(fontspec)             latinmodern-math scale = 1.030052661051747.


Package fontspec Info: 
(fontspec)             latinmodern-math scale = 1.030155676619409.


Package fontspec Info: 
(fontspec)             latinmodern-math scale = 1.030052661051747.


Package fontspec Info: 
(fontspec)             latinmodern-math scale = 1.030155676619409.


Package fontspec Info: 
(fontspec)             latinmodern-math scale = 1.030052661051747.


Package fontspec Info: 
(fontspec)             latinmodern-math scale = 1.030155676619409.


Package fontspec Info: 
(fontspec)             latinmodern-math scale = 1.030052661051747.


Package fontspec Info: 
(fontspec)             latinmodern-math scale = 1.030155676619409.


Package fontspec Info: 
(fontspec)             latinmodern-math scale = 1.030052661051747.


Package fontspec Info: 
(fontspec)             Font family 'latinmodern-math.otf(3)' created for font
(fontspec)             'latinmodern-math.otf' with options
(fontspec)             [Scale=MatchLowercase,BoldItalicFont={},ItalicFont={},SmallCapsFont={},Script=Math,SizeFeatures={{Size=9.3075-},{Size=6.57-9.3075,Font=latinmodern-math.otf,Style=MathScript},{Size=-6.57,Font=latinmodern-math.otf,Style=MathScriptScript}},BoldFont={latinmodern-math.otf},ScaleAgain=0.9999,FontAdjustment={\fontdimen
(fontspec)             8\font =0.4512pt\relax \fontdimen 9\font
(fontspec)             =2.25603pt\relax \fontdimen 10\font =1.88379pt\relax
(fontspec)             \fontdimen 11\font =1.25209pt\relax \fontdimen 12\font
(fontspec)             =6.7681pt\relax \fontdimen 13\font =0pt\relax }].
(fontspec)              
(fontspec)              This font family consists of the following NFSS
(fontspec)             series/shapes:
(fontspec)              
(fontspec)             - 'normal' (m/n) with NFSS spec.:
(fontspec)             <9.3075->s*[1.030052661051747]"[latinmodern-math.otf]/OT:script=math;language=dflt;"<6.57-9.3075>s*[1.030052661051747]"[latinmodern-math.otf]/OT:script=math;language=dflt;+ssty=0;"<-6.57>s*[1.030052661051747]"[latinmodern-math.otf]/OT:script=math;language=dflt;+ssty=1;"
(fontspec)             - 'bold' (b/n) with NFSS spec.:
(fontspec)             <->s*[1.030052661051747]"[latinmodern-math.otf]/OT:script=math;language=dflt;"

LaTeX Font Info:    Encoding `OMX' has changed to `TU' for symbol font
(Font)              `largesymbols' in the math version `normal' on input line 111.
LaTeX Font Info:    Overwriting symbol font `largesymbols' in version `normal'
(Font)                  OMX/lmex/m/n --> TU/latinmodern-math.otf(3)/m/n on input line 111.
LaTeX Font Info:    Encoding `OMX' has changed to `TU' for symbol font
(Font)              `largesymbols' in the math version `bold' on input line 111.
LaTeX Font Info:    Overwriting symbol font `largesymbols' in version `bold'
(Font)                  OMX/lmex/m/n --> TU/latinmodern-math.otf(3)/b/n on input line 111.
Package microtype Info: Patching varwidth to enable character protrusion.
\MT@vwid@leftmargin=\dimen368
\MT@vwid@rightmargin=\dimen369
LaTeX Info: Redefining \microtypecontext on input line 111.
Package microtype Info: Applying patch `item' on input line 111.
Package microtype Info: Applying patch `toc' on input line 111.
Package microtype Info: Applying patch `eqnum' on input line 111.
Package microtype Info: Applying patch `footnote' on input line 111.
Package microtype Info: Applying patch `verbatim' on input line 111.
LaTeX Info: Redefining \microtypesetup on input line 111.
Package microtype Info: Character protrusion enabled (level 2).
Package microtype Info: Using protrusion set `basicmath'.
Package microtype Info: No adjustment of tracking.
Package microtype Info: No adjustment of spacing.
Package microtype Info: No adjustment of kerning.
Package microtype Info: Loading generic protrusion settings for font family
(microtype)             `Calibri' (encoding: TU).
(microtype)             For optimal results, create family-specific settings.
(microtype)             See the microtype manual for details.
Package biblatex Info: Trying to load language 'english'...
Package biblatex Info: ... file 'english.lbx' found.
(c:/Users/wrgar/AppData/Roaming/TinyTeX/texmf-dist/tex/latex/biblatex/lbx/english.lbx
File: english.lbx 2025/07/10 v3.21 biblatex localization (PK/MW)
)
Package biblatex Info: XeTeX detected.
(biblatex)             Assuming input encoding 'utf8'.
Package biblatex Info: Automatic encoding selection.
(biblatex)             Assuming data encoding 'utf8'.
\openout5 = `UWRTSL-sodium-policy.bcf'.

Package biblatex Info: Trying to load bibliographic data...
Package biblatex Info: ... file 'UWRTSL-sodium-policy.bbl' not found.
No file UWRTSL-sodium-policy.bbl.
Package biblatex Info: Reference section=0 on input line 111.
Package biblatex Info: Reference segment=0 on input line 111.
(./UWRTSL-sodium-policy.nav)
LaTeX Font Info:    Font shape `TU/Calibri(2)/m/n' will be
(Font)              scaled to size 5.73697pt on input line 111.
LaTeX Font Info:    Font shape `TU/Calibri(2)/m/n' will be
(Font)              scaled to size 8.60545pt on input line 111.
LaTeX Font Info:    Font shape `TU/latinmodern-math.otf(1)/m/n' will be
(Font)              scaled to size 9.27136pt on input line 111.
LaTeX Font Info:    Font shape `TU/latinmodern-math.otf(1)/m/n' will be
(Font)              scaled to size 6.18091pt on input line 111.
LaTeX Font Info:    Font shape `TU/latinmodern-math.otf(1)/m/n' will be
(Font)              scaled to size 5.15076pt on input line 111.
LaTeX Font Info:    Trying to load font information for OML+lmm on input line 111.
(c:/Users/wrgar/AppData/Roaming/TinyTeX/texmf-dist/tex/latex/lm/omllmm.fd
File: omllmm.fd 2015/05/01 v1.6.1 Font defs for Latin Modern
)
LaTeX Font Info:    Font shape `TU/latinmodern-math.otf(2)/m/n' will be
(Font)              scaled to size 9.27232pt on input line 111.
LaTeX Font Info:    Font shape `TU/latinmodern-math.otf(2)/m/n' will be
(Font)              scaled to size 6.18155pt on input line 111.
LaTeX Font Info:    Font shape `TU/latinmodern-math.otf(2)/m/n' will be
(Font)              scaled to size 5.15129pt on input line 111.
LaTeX Font Info:    Font shape `TU/latinmodern-math.otf(3)/m/n' will be
(Font)              scaled to size 9.27054pt on input line 111.
LaTeX Font Info:    Font shape `TU/latinmodern-math.otf(3)/m/n' will be
(Font)              scaled to size 6.18036pt on input line 111.
LaTeX Font Info:    Font shape `TU/latinmodern-math.otf(3)/m/n' will be
(Font)              scaled to size 5.1503pt on input line 111.
LaTeX Font Info:    Trying to load font information for U+msa on input line 111.
(c:/Users/wrgar/AppData/Roaming/TinyTeX/texmf-dist/tex/latex/amsfonts/umsa.fd
File: umsa.fd 2013/01/14 v3.01 AMS symbols A
) (c:/Users/wrgar/AppData/Roaming/TinyTeX/texmf-dist/tex/latex/microtype/mt-msa.cfg
File: mt-msa.cfg 2006/02/04 v1.1 microtype config. file: AMS symbols (a) (RS)
)
LaTeX Font Info:    Trying to load font information for U+msb on input line 111.
(c:/Users/wrgar/AppData/Roaming/TinyTeX/texmf-dist/tex/latex/amsfonts/umsb.fd
File: umsb.fd 2013/01/14 v3.01 AMS symbols B
) (c:/Users/wrgar/AppData/Roaming/TinyTeX/texmf-dist/tex/latex/microtype/mt-msb.cfg
File: mt-msb.cfg 2005/06/01 v1.0 microtype config. file: AMS symbols (b) (RS)
)
LaTeX Font Info:    Font shape `TU/Calibri(2)/m/n' will be
(Font)              scaled to size 13.7687pt on input line 112.
LaTeX Font Info:    Font shape `TU/Calibri(2)/m/n' will be
(Font)              scaled to size 7.64929pt on input line 112.
LaTeX Font Info:    Font shape `TU/Calibri(2)/m/n' will be
(Font)              scaled to size 3.82465pt on input line 112.
[1

] (./UWRTSL-sodium-policy.toc) [2

] [3

] [4

] [5

] [6

]
LaTeX Font Info:    Font shape `TU/Calibri(2)/b/n' will be
(Font)              scaled to size 8.52484pt on input line 177.
LaTeX Font Info:    Font shape `TU/CourierNew(0)/m/n' will be
(Font)              scaled to size 9.45003pt on input line 177.
[7

] [8

] [9

]
LaTeX Font Info:    Font shape `TU/Calibri(2)/m/it' will be
(Font)              scaled to size 8.55148pt on input line 224.
[10

]

LaTeX Warning: Citation 'marklund2022sources' on page 11 undefined on input line 252.


LaTeX Warning: Citation 'huang2026' on page 11 undefined on input line 252.

[11

]

LaTeX Warning: Citation 'marklund2022sources' on page 12 undefined on input line 282.

[12

] [13

]
LaTeX Font Info:    Font shape `TU/Calibri(2)/b/n' will be
(Font)              scaled to size 7.57764pt on input line 321.
LaTeX Font Info:    Font shape `TU/latinmodern-math.otf(1)/m/n' will be
(Font)              scaled to size 8.24121pt on input line 321.
LaTeX Font Info:    Font shape `TU/latinmodern-math.otf(2)/m/n' will be
(Font)              scaled to size 8.24207pt on input line 321.
LaTeX Font Info:    Font shape `TU/latinmodern-math.otf(3)/m/n' will be
(Font)              scaled to size 8.24048pt on input line 321.

LaTeX Warning: Citation 'marklund2022sources' on page 14 undefined on input line 321.


LaTeX Warning: Citation 'vandevijvere2019' on page 14 undefined on input line 321.

[14

]
Underfull \hbox (badness 3536) in paragraph at lines 339--339
[]|\TU/Calibri(2)/m/n/8 A. Public food procure-
 []


Underfull \hbox (badness 10000) in paragraph at lines 339--339
[]|\TU/Calibri(2)/m/n/8 Strauss-Kruger
 []


Overfull \hbox (46.39264pt too wide) in paragraph at lines 339--339
[][]  
 []

[15

]

LaTeX Warning: Citation 'gase2011' on page 16 undefined on input line 371.

[16

]

LaTeX Warning: Citation 'do2016' on page 17 undefined on input line 394.


LaTeX Warning: Citation 'collins2014' on page 17 undefined on input line 394.

LaTeX Font Info:    Font shape `TU/Calibri(2)/m/n' will be
(Font)              scaled to size 11.47394pt on input line 394.
[17

]

LaTeX Warning: Citation 'huang2026' on page 18 undefined on input line 423.

[18

]

LaTeX Warning: Citation 'huang2026' on page 19 undefined on input line 453.

[19

]

LaTeX Warning: Citation 'taillie2024' on page 20 undefined on input line 481.

[20

]

LaTeX Warning: Citation 'strausskruger2022' on page 21 undefined on input line 515.

Missing character: There is no ∼ (U+223C) in font Calibri/OT:script=latn;language=dflt;mapping=tex-text;!

LaTeX Warning: Citation 'charlton2005' on page 21 undefined on input line 515.


LaTeX Warning: Citation 'gaziano2025' on page 21 undefined on input line 515.


LaTeX Warning: Citation 'charlton2021' on page 21 undefined on input line 515.


LaTeX Warning: Citation 'he2013' on page 21 undefined on input line 515.


LaTeX Warning: Citation 'song2023' on page 21 undefined on input line 515.


LaTeX Warning: Citation 'mucinosandoval2025' on page 21 undefined on input line 515.

[21

]

LaTeX Warning: Citation 'saxena2025' on page 22 undefined on input line 545.


LaTeX Warning: Citation 'roche2026' on page 22 undefined on input line 545.


LaTeX Warning: Citation 'davies2026' on page 22 undefined on input line 545.


LaTeX Warning: Citation 'cobiac2017' on page 22 undefined on input line 545.


LaTeX Warning: Citation 'dodd2020' on page 22 undefined on input line 545.

[22

]
LaTeX Font Info:    Font shape `TU/Calibri(2)/m/it' will be
(Font)              scaled to size 7.60132pt on input line 572.

LaTeX Warning: Citation 'charlton2005' on page 23 undefined on input line 572.


LaTeX Warning: Citation 'ha2014' on page 23 undefined on input line 572.


LaTeX Warning: Citation 'amara2021' on page 23 undefined on input line 572.


LaTeX Warning: Citation 'elorriaga2017' on page 23 undefined on input line 572.


LaTeX Warning: Citation 'marklund2022sources' on page 23 undefined on input line 572.

[23

]

LaTeX Warning: Citation 'vandevijvere2019' on page 24 undefined on input line 604.

[24

] [25

] [26

] [27

]
LaTeX Font Info:    Font shape `TU/Calibri(2)/m/n' will be
(Font)              scaled to size 4.7808pt on input line 706.

Overfull \hbox (16.24014pt too wide) in paragraph at lines 706--706
[][]  
 []

[28

] [29

]
File: UWRTSL-sodium-policy_files/figure-beamer/state-diagram-1.pdf Graphic file (type pdf)
<use UWRTSL-sodium-policy_files/figure-beamer/state-diagram-1.pdf>
LaTeX Font Info:    Font shape `TU/Calibri(2)/m/n' will be
(Font)              scaled to size 9.56161pt on input line 718.
LaTeX Font Info:    Font shape `TU/Calibri(2)/b/n' will be
(Font)              scaled to size 9.47205pt on input line 718.
LaTeX Font Info:    Font shape `TU/latinmodern-math.otf(1)/m/n' will be
(Font)              scaled to size 10.30151pt on input line 718.
LaTeX Font Info:    Font shape `TU/latinmodern-math.otf(1)/m/n' will be
(Font)              scaled to size 7.21106pt on input line 718.
LaTeX Font Info:    Font shape `TU/latinmodern-math.otf(2)/m/n' will be
(Font)              scaled to size 10.30258pt on input line 718.
LaTeX Font Info:    Font shape `TU/latinmodern-math.otf(2)/m/n' will be
(Font)              scaled to size 7.2118pt on input line 718.
LaTeX Font Info:    Font shape `TU/latinmodern-math.otf(3)/m/n' will be
(Font)              scaled to size 10.3006pt on input line 718.
LaTeX Font Info:    Font shape `TU/latinmodern-math.otf(3)/m/n' will be
(Font)              scaled to size 7.21042pt on input line 718.
[30

] [31

] [32

]
LaTeX Font Info:    Font shape `TU/Calibri(1)/m/n' will be
(Font)              scaled to size 8.60545pt on input line 792.
LaTeX Font Info:    Font shape `TU/Calibri(1)/m/n' will be
(Font)              scaled to size 5.73697pt on input line 792.
LaTeX Font Info:    Font shape `TU/Calibri(1)/m/n' will be
(Font)              scaled to size 4.7808pt on input line 792.
[33

] [34

] [35

]
LaTeX Font Info:    Font shape `TU/Calibri(1)/m/n' will be
(Font)              scaled to size 7.64929pt on input line 836.

Underfull \hbox (badness 6758) in paragraph at lines 836--836
[]|\TU/Calibri(2)/m/n/8 Key food cate-
 []


Underfull \hbox (badness 10000) in paragraph at lines 836--836
[]|\TU/Calibri(2)/m/n/8 Population
 []


Underfull \hbox (badness 1762) in paragraph at lines 836--836
[]|\TU/Calibri(2)/m/n/8 One-off + an-
 []


Overfull \hbox (35.0117pt too wide) in paragraph at lines 836--836
[][]  
 []

[36

] [37

] [38

] [39

] [40

] [41

] [42

]

LaTeX Warning: Citation 'Filippini2021' on page 43 undefined on input line 939.

LaTeX Font Info:    Font shape `TU/latinmodern-math.otf(1)/m/n' will be
(Font)              scaled to size 14.83417pt on input line 939.
LaTeX Font Info:    Font shape `TU/Calibri(1)/m/n' will be
(Font)              scaled to size 13.7687pt on input line 939.
LaTeX Font Info:    Font shape `TU/Calibri(1)/m/n' will be
(Font)              scaled to size 9.56161pt on input line 939.
LaTeX Font Info:    Font shape `TU/Calibri(1)/m/n' will be
(Font)              scaled to size 6.69313pt on input line 939.
LaTeX Font Info:    Font shape `TU/latinmodern-math.otf(2)/m/n' will be
(Font)              scaled to size 14.83571pt on input line 939.
LaTeX Font Info:    Font shape `TU/latinmodern-math.otf(3)/m/n' will be
(Font)              scaled to size 14.83284pt on input line 939.
[43

] [44

]

LaTeX Warning: Citation 'ettehad2016' on page 45 undefined on input line 985.

[45

] [46

] [47

] [48

]

LaTeX Warning: Empty bibliography on input line 1068.

[49

]
\tf@nav=\write6
\openout6 = `UWRTSL-sodium-policy.nav'.

\tf@toc=\write7
\openout7 = `UWRTSL-sodium-policy.toc'.

\tf@snm=\write8
\openout8 = `UWRTSL-sodium-policy.snm'.

(./UWRTSL-sodium-policy.aux)
 ***********
LaTeX2e <2025-11-01>
L3 programming layer <2026-05-15>
 ***********

LaTeX Warning: There were undefined references.


Package biblatex Warning: Please (re)run Biber on the file:
(biblatex)                UWRTSL-sodium-policy
(biblatex)                and rerun LaTeX afterwards.

Package logreq Info: Writing requests to 'UWRTSL-sodium-policy.run.xml'.
\openout1 = `UWRTSL-sodium-policy.run.xml'.

 ) 
Here is how much of TeX's memory you used:
 42127 strings out of 470006
 864348 string characters out of 5473501
 1841531 words of memory out of 5000000
 70158 multiletter control sequences out of 15000+600000
 635873 words of font info for 134 fonts, out of 8000000 for 9000
 14 hyphenation exceptions out of 8191
 101i,17n,119p,1017b,1873s stack positions out of 10000i,1000n,20000p,200000b,200000s

Output written on UWRTSL-sodium-policy.pdf (49 pages).
